timestamp,X,Y,Z
1764070200928,0.107739,-0.069432,9.842564
1764070200936,0.100556,-0.076614,9.859323
1764070200944,0.117316,-0.062249,9.840169
1764070200952,0.098162,-0.069432,9.852140
1764070200960,0.095768,-0.062249,9.859323
1764070200968,0.098162,-0.059855,9.849746
1764070200976,0.105345,-0.059855,9.856929
1764070200984,0.110133,-0.059855,9.849746
1764070200992,0.105345,-0.069432,9.840169
1764070201000,0.110133,-0.067038,9.856929
1764070201008,0.088585,-0.071826,9.849746
1764070201016,0.105345,-0.071826,9.854534
1764070201024,0.112527,-0.064643,9.859323
1764070201032,0.102951,-0.064643,9.844957
1764070201040,0.110133,-0.079009,9.866506
1764070201048,0.100556,-0.067038,9.856929
1764070201056,0.105345,-0.064643,9.854534
1764070201064,0.102951,-0.069432,9.854534
1764070201072,0.095768,-0.064643,9.844957
1764070201080,0.098162,-0.071826,9.847352
1764070201088,0.107739,-0.069432,9.842564
1764070201096,0.107739,-0.069432,9.849746
1764070201104,0.102951,-0.069432,9.861717
1764070201112,0.112527,-0.074220,9.832987
1764070201120,0.102951,-0.059855,9.864111
1764070201128,0.110133,-0.059855,9.842564
1764070201136,0.100556,-0.062249,9.847352
1764070201144,0.102951,-0.059855,9.859323
1764070201152,0.107739,-0.067038,9.847352
1764070201160,0.107739,-0.062249,9.856929
1764070201168,0.105345,-0.074220,9.866506
1764070201176,0.114922,-0.062249,9.847352
1764070201184,0.105345,-0.074220,9.856929
1764070201192,0.105345,-0.059855,9.852140
1764070201200,0.107739,-0.067038,9.844957
1764070201208,0.102951,-0.069432,9.864111
1764070201216,0.105345,-0.071826,9.842564
1764070201224,0.107739,-0.067038,9.868899
1764070201232,0.105345,-0.081403,9.856929
1764070201240,0.114922,-0.062249,9.847352
1764070201248,0.117316,-0.067038,9.866506
1764070201256,0.102951,-0.055067,9.849746
1764070201264,0.102951,-0.067038,9.849746
1764070201272,0.102951,-0.067038,9.849746
1764070201280,0.100556,-0.057461,9.842564
1764070201288,0.093374,-0.067038,9.849746
1764070201296,0.095768,-0.064643,9.835381
1764070201304,0.100556,-0.069432,9.849746
1764070201312,0.105345,-0.064643,9.852140
1764070201320,0.112527,-0.069432,9.852140
1764070201328,0.107739,-0.059855,9.854534
1764070201336,0.102951,-0.062249,9.847352
1764070201344,0.102951,-0.062249,9.842564
1764070201352,0.112527,-0.071826,9.847352
1764070201360,0.107739,-0.062249,9.835381
1764070201368,0.102951,-0.059855,9.835381
1764070201376,0.105345,-0.059855,9.847352
1764070201384,0.100556,-0.069432,9.835381
1764070201392,0.110133,-0.064643,9.854534
1764070201400,0.105345,-0.059855,9.852140
1764070201408,0.100556,-0.069432,9.844957
1764070201416,0.110133,-0.071826,9.861717
1764070201424,0.100556,-0.069432,9.844957
1764070201432,0.110133,-0.059855,9.847352
1764070201440,0.086191,-0.069432,9.847352
1764070201448,0.090980,-0.062249,9.854534
1764070201456,0.110133,-0.071826,9.842564
1764070201464,0.102951,-0.064643,9.859323
1764070201472,0.105345,-0.055067,9.864111
1764070201480,0.114922,-0.062249,9.854534
1764070201488,0.110133,-0.064643,9.825804
1764070201496,0.102951,-0.062249,9.866506
1764070201504,0.110133,-0.069432,9.849746
1764070201512,0.110133,-0.062249,9.856929
1764070201520,0.117316,-0.067038,9.878476
1764070201528,0.107739,-0.069432,9.840169
1764070201536,0.098162,-0.057461,9.861717
1764070201544,0.110133,-0.069432,9.852140
1764070201552,0.100556,-0.076614,9.832987
1764070201560,0.098162,-0.062249,9.849746
1764070201568,0.100556,-0.064643,9.842564
1764070201576,0.105345,-0.067038,9.864111
1764070201584,0.098162,-0.069432,9.847352
1764070201592,0.100556,-0.067038,9.849746
1764070201600,0.110133,-0.055067,9.861717
1764070201608,0.107739,-0.071826,9.854534
1764070201616,0.095768,-0.069432,9.842564
1764070201624,0.100556,-0.067038,9.849746
1764070201632,0.098162,-0.074220,9.854534
1764070201640,0.086191,-0.076614,9.876082
1764070201648,0.119710,-0.050278,9.876082
1764070201656,0.105345,-0.052672,9.847352
1764070201664,0.105345,-0.069432,9.840169
1764070201672,0.090980,-0.069432,9.840169
1764070201680,0.093374,-0.057461,9.847352
1764070201688,0.107739,-0.045490,9.876082
1764070201696,0.100556,-0.062249,9.835381
1764070201704,0.105345,-0.079009,9.847352
1764070201712,0.114922,-0.064643,9.880871
1764070201720,0.112527,-0.069432,9.864111
1764070201728,0.112527,-0.074220,9.830592
1764070201735,0.093374,-0.083797,9.854534
1764070201743,0.114922,-0.050278,9.825804
1764070201751,0.100556,-0.079009,9.840169
1764070201759,0.107739,-0.064643,9.852140
1764070201767,0.088585,-0.064643,9.854534
1764070201775,0.088585,-0.081403,9.866506
1764070201783,0.131681,-0.050278,9.873688
1764070201791,0.119710,-0.071826,9.878476
1764070201799,0.088585,-0.064643,9.849746
1764070201807,0.110133,-0.076614,9.856929
1764070201815,0.117316,-0.067038,9.849746
1764070201823,0.107739,-0.062249,9.854534
1764070201831,0.093374,-0.074220,9.852140
1764070201839,0.105345,-0.059855,9.842564
1764070201847,0.110133,-0.074220,9.854534
1764070201855,0.107739,-0.067038,9.854534
1764070201863,0.102951,-0.069432,9.849746
1764070201871,0.110133,-0.079009,9.871294
1764070201879,0.102951,-0.059855,9.844957
1764070201887,0.100556,-0.069432,9.852140
1764070201895,0.105345,-0.067038,9.852140
1764070201903,0.107739,-0.059855,9.849746
1764070201911,0.100556,-0.064643,9.861717
1764070201919,0.100556,-0.043096,9.861717
1764070201927,0.105345,-0.069432,9.852140
1764070201935,0.110133,-0.062249,9.849746
1764070201943,0.105345,-0.062249,9.854534
1764070201951,0.110133,-0.059855,9.852140
1764070201959,0.102951,-0.071826,9.852140
1764070201967,0.100556,-0.062249,9.840169
1764070201975,0.102951,-0.067038,9.864111
1764070201983,0.098162,-0.064643,9.854534
1764070201991,0.093374,-0.067038,9.847352
1764070201999,0.100556,-0.062249,9.849746
1764070202007,0.110133,-0.064643,9.844957
1764070202015,0.107739,-0.062249,9.854534
1764070202023,0.114922,-0.064643,9.847352
1764070202031,0.110133,-0.071826,9.859323
1764070202039,0.105345,-0.064643,9.873688
1764070202047,0.098162,-0.064643,9.847352
1764070202055,0.105345,-0.062249,9.854534
1764070202063,0.100556,-0.064643,9.844957
1764070202071,0.100556,-0.057461,9.854534
1764070202079,0.095768,-0.067038,9.856929
1764070202087,0.100556,-0.064643,9.837775
1764070202095,0.107739,-0.071826,9.856929
1764070202103,0.100556,-0.074220,9.856929
1764070202111,0.110133,-0.067038,9.866506
1764070202119,0.102951,-0.067038,9.871294
1764070202127,0.112527,-0.069432,9.859323
1764070202135,0.107739,-0.067038,9.849746
1764070202143,0.105345,-0.057461,9.844957
1764070202151,0.102951,-0.067038,9.849746
1764070202159,0.105345,-0.069432,9.837775
1764070202167,0.095768,-0.067038,9.849746
1764070202175,0.107739,-0.076614,9.849746
1764070202183,0.105345,-0.067038,9.856929
1764070202191,0.090980,-0.076614,9.847352
1764070202199,0.107739,-0.062249,9.842564
1764070202207,0.102951,-0.067038,9.859323
1764070202215,0.105345,-0.062249,9.840169
1764070202223,0.088585,-0.064643,9.849746
1764070202231,0.107739,-0.083797,9.854534
1764070202239,0.112527,-0.064643,9.849746
1764070202247,0.110133,-0.069432,9.866506
1764070202255,0.107739,-0.062249,9.840169
1764070202263,0.088585,-0.067038,9.854534
1764070202271,0.110133,-0.067038,9.840169
1764070202279,0.102951,-0.067038,9.832987
1764070202287,0.090980,-0.069432,9.859323
1764070202295,0.112527,-0.067038,9.849746
1764070202303,0.102951,-0.064643,9.844957
1764070202311,0.102951,-0.064643,9.878476
1764070202319,0.062249,-0.076614,9.830592
1764070202327,0.083797,-0.090980,9.828198
1764070202335,0.083797,-0.050278,9.900024
1764070202343,0.124498,-0.071826,9.785102
1764070202351,0.102951,-0.055067,9.933543
1764070202359,0.126893,-0.074220,9.828198
1764070202367,0.114922,-0.081403,9.859323
1764070202375,0.105345,-0.067038,9.897630
1764070202383,0.124498,-0.083797,9.864111
1764070202391,0.086191,-0.040701,9.856929
1764070202399,0.105345,-0.079009,9.873688
1764070202407,0.107739,-0.067038,9.852140
1764070202415,0.105345,-0.074220,9.880871
1764070202423,0.095768,-0.067038,9.868899
1764070202431,0.110133,-0.045490,9.878476
1764070202439,0.138864,-0.064643,9.849746
1764070202447,0.117316,-0.086191,9.854534
1764070202455,0.112527,-0.069432,9.854534
1764070202463,0.105345,-0.067038,9.830592
1764070202471,0.090980,-0.074220,9.849746
1764070202479,0.114922,-0.062249,9.842564
1764070202487,0.100556,-0.059855,9.861717
1764070202495,0.119710,-0.052672,9.859323
1764070202503,0.095768,-0.071826,9.835381
1764070202511,0.088585,-0.052672,9.832987
1764070202519,0.122104,-0.064643,9.835381
1764070202527,0.095768,-0.055067,9.859323
1764070202535,0.122104,-0.071826,9.844957
1764070202543,0.079009,-0.057461,9.852140
1764070202551,0.105345,-0.057461,9.835381
1764070202559,0.119710,-0.064643,9.823410
1764070202567,0.098162,-0.074220,9.866506
1764070202575,0.095768,-0.057461,9.828198
1764070202583,0.105345,-0.057461,9.852140
1764070202591,0.105345,-0.059855,9.864111
1764070202599,0.105345,-0.069432,9.854534
1764070202607,0.095768,-0.071826,9.849746
1764070202615,0.102951,-0.064643,9.861717
1764070202623,0.112527,-0.064643,9.854534
1764070202631,0.105345,-0.057461,9.847352
1764070202639,0.102951,-0.069432,9.842564
1764070202647,0.105345,-0.062249,9.854534
1764070202655,0.095768,-0.071826,9.830592
1764070202663,0.105345,-0.069432,9.847352
1764070202671,0.105345,-0.064643,9.852140
1764070202679,0.100556,-0.057461,9.840169
1764070202687,0.100556,-0.069432,9.868899
1764070202695,0.112527,-0.062249,9.852140
1764070202703,0.098162,-0.064643,9.849746
1764070202711,0.110133,-0.062249,9.866506
1764070202719,0.112527,-0.059855,9.840169
1764070202727,0.112527,-0.069432,9.864111
1764070202735,0.100556,-0.071826,9.828198
1764070202743,0.093374,-0.062249,9.852140
1764070202751,0.100556,-0.062249,9.849746
1764070202759,0.107739,-0.067038,9.842564
1764070202767,0.098162,-0.071826,9.854534
1764070202775,0.102951,-0.069432,9.861717
1764070202783,0.110133,-0.057461,9.832987
1764070202791,0.102951,-0.071826,9.842564
1764070202799,0.110133,-0.067038,9.854534
1764070202807,0.098162,-0.064643,9.866506
1764070202815,0.110133,-0.071826,9.859323
1764070202823,0.090980,-0.076614,9.852140
1764070202831,0.102951,-0.055067,9.852140
1764070202839,0.090980,-0.064643,9.844957
1764070202847,0.112527,-0.067038,9.844957
1764070202855,0.107739,-0.071826,9.854534
1764070202863,0.102951,-0.064643,9.859323
1764070202871,0.102951,-0.076614,9.840169
1764070202879,0.093374,-0.064643,9.852140
1764070202887,0.107739,-0.057461,9.852140
1764070202895,0.102951,-0.064643,9.852140
1764070202903,0.107739,-0.071826,9.847352
1764070202911,0.117316,-0.069432,9.854534
1764070202919,0.100556,-0.067038,9.852140
1764070202927,0.112527,-0.067038,9.849746
1764070202935,0.107739,-0.064643,9.864111
1764070202943,0.114922,-0.064643,9.844957
1764070202951,0.107739,-0.062249,9.832987
1764070202959,0.110133,-0.059855,9.861717
1764070202967,0.102951,-0.067038,9.832987
1764070202975,0.100556,-0.071826,9.854534
1764070202983,0.107739,-0.074220,9.864111
1764070202991,0.100556,-0.069432,9.844957
1764070202999,0.100556,-0.064643,9.859323
1764070203007,0.098162,-0.071826,9.849746
1764070203015,0.090980,-0.069432,9.854534
1764070203023,0.102951,-0.064643,9.861717
1764070203031,0.102951,-0.064643,9.844957
1764070203039,0.114922,-0.069432,9.840169
1764070203047,0.102951,-0.081403,9.864111
1764070203055,0.086191,-0.079009,9.847352
1764070203063,0.102951,-0.079009,9.852140
1764070203071,0.098162,-0.050278,9.856929
1764070203079,0.098162,-0.062249,9.832987
1764070203087,0.102951,-0.071826,9.866506
1764070203095,0.093374,-0.071826,9.840169
1764070203103,0.112527,-0.069432,9.844957
1764070203111,0.112527,-0.062249,9.866506
1764070203119,0.098162,-0.071826,9.849746
1764070203127,0.107739,-0.057461,9.866506
1764070203135,0.110133,-0.069432,9.849746
1764070203143,0.114922,-0.069432,9.861717
1764070203151,0.100556,-0.074220,9.856929
1764070203159,0.102951,-0.067038,9.842564
1764070203167,0.090980,-0.064643,9.849746
1764070203175,0.105345,-0.055067,9.844957
1764070203183,0.107739,-0.067038,9.856929
1764070203191,0.098162,-0.062249,9.854534
1764070203199,0.105345,-0.064643,9.844957
1764070203207,0.105345,-0.052672,9.847352
1764070203215,0.112527,-0.069432,9.866506
1764070203223,0.105345,-0.069432,9.861717
1764070203231,0.110133,-0.067038,9.868899
1764070203239,0.102951,-0.057461,9.847352
1764070203247,0.100556,-0.067038,9.871294
1764070203255,0.100556,-0.064643,9.844957
1764070203263,0.107739,-0.064643,9.849746
1764070203271,0.112527,-0.069432,9.844957
1764070203279,0.122104,-0.071826,9.856929
1764070203287,0.076614,-0.055067,9.885659
1764070203295,0.117316,-0.093374,9.823410
1764070203303,0.102951,-0.067038,9.864111
1764070203311,0.110133,-0.071826,9.844957
1764070203319,0.098162,-0.079009,9.861717
1764070203327,0.088585,-0.064643,9.895236
1764070203335,0.122104,-0.062249,9.837775
1764070203343,0.090980,-0.062249,9.847352
1764070203351,0.122104,-0.067038,9.859323
1764070203359,0.110133,-0.079009,9.794679
1764070203367,0.088585,-0.062249,9.885659
1764070203375,0.110133,-0.079009,9.847352
1764070203383,0.102951,-0.050278,9.840169
1764070203391,0.090980,-0.069432,9.876082
1764070203399,0.110133,-0.059855,9.868899
1764070203407,0.098162,-0.057461,9.828198
1764070203415,0.088585,-0.074220,9.840169
1764070203423,0.093374,-0.071826,9.825804
1764070203431,0.095768,-0.055067,9.837775
1764070203439,0.107739,-0.067038,9.852140
1764070203447,0.090980,-0.079009,9.861717
1764070203455,0.095768,-0.062249,9.861717
1764070203463,0.105345,-0.069432,9.871294
1764070203471,0.086191,-0.079009,9.856929
1764070203479,0.090980,-0.069432,9.876082
1764070203487,0.088585,-0.074220,9.861717
1764070203495,0.105345,-0.071826,9.828198
1764070203503,0.098162,-0.067038,9.864111
1764070203511,0.095768,-0.057461,9.825804
1764070203519,0.088585,-0.057461,9.856929
1764070203527,0.095768,-0.055067,9.854534
1764070203535,0.071826,-0.040701,9.840169
1764070203543,0.126893,-0.079009,9.861717
1764070203551,0.081403,-0.067038,9.868899
1764070203559,0.114922,-0.090980,9.859323
1764070203567,0.126893,-0.079009,9.871294
1764070203575,0.131681,-0.079009,9.830592
1764070203583,0.117316,-0.059855,9.854534
1764070203591,0.119710,-0.062249,9.844957
1764070203599,0.102951,-0.038307,9.840169
1764070203607,0.112527,-0.062249,9.844957
1764070203615,0.088585,-0.055067,9.868899
1764070203623,0.098162,-0.067038,9.854534
1764070203631,0.086191,-0.045490,9.861717
1764070203639,0.098162,-0.045490,9.856929
1764070203647,0.086191,-0.038307,9.847352
1764070203655,-0.035913,0.076614,9.837775
1764070203663,0.177171,-0.136469,9.854534
1764070203670,0.124498,-0.114922,9.847352
1764070203678,-0.083797,0.138864,9.852140
1764070203686,-0.572214,0.612916,9.816227
1764070203694,0.179565,0.143652,9.986216
1764070203702,0.141258,0.090980,9.761160
1764070203710,0.052672,0.318429,9.919178
1764070203718,0.311246,0.543484,10.055647
1764070203726,0.239420,0.744597,9.986216
1764070203734,0.268151,0.667982,9.725247
1764070203742,0.244209,0.248997,9.830592
1764070203750,0.246603,-0.038307,9.334992
1764070203758,0.248997,0.282516,9.900024
1764070203766,0.497994,-0.658405,9.442732
1764070203774,0.454898,0.387861,9.265560
1764070203782,0.263362,0.308852,10.244789
1764070203790,0.253785,0.351948,9.722853
1764070203798,-0.124498,0.002394,10.563218
1764070203806,-0.141258,0.407014,10.946290
1764070203814,-0.299275,0.330400,11.324574
1764070203822,0.112527,0.584185,9.667787
1764070203830,-0.107739,0.172383,8.722076
1764070203838,-0.349553,-0.026336,9.416395
1764070203846,0.158017,-0.150835,10.113108
1764070203854,0.057461,-0.342371,9.519346
1764070203862,0.138864,-0.634463,9.823410
1764070203870,0.146046,-0.102951,9.969456
1764070203878,0.045490,-0.270545,9.720459
1764070203886,0.102951,-0.486023,10.283096
1764070203894,0.399832,-0.007183,9.526528
1764070203902,0.191536,0.416591,9.421184
1764070203910,0.038307,-0.404620,12.445061
1764070203918,0.107739,-0.114922,11.027693
1764070203926,-0.033519,-0.023942,9.445126
1764070203934,0.311246,0.217872,9.239224
1764070203942,0.031125,0.313640,9.895236
1764070203950,0.086191,0.019154,9.900024
1764070203958,0.150835,0.452504,9.564836
1764070203966,0.201113,0.246603,10.371682
1764070203974,0.488417,-0.150835,10.321404
1764070203982,0.416591,0.512359,9.306262
1764070203990,0.500388,-0.026336,10.022128
1764070203998,0.495600,0.146046,10.000581
1764070204006,0.299275,-0.253785,10.613496
1764070204014,0.158017,-0.201113,9.892841
1764070204022,0.251391,-0.067038,10.153810
1764070204030,0.428562,0.076614,9.481039
1764070204038,0.229843,-0.100556,10.041282
1764070204046,0.359130,-0.134075,9.890448
1764070204054,-0.438139,-0.031125,10.996569
1764070204062,-0.193930,0.014365,10.261548
1764070204070,0.311246,-0.256180,9.785102
1764070204078,0.462081,-0.086191,9.208099
1764070204086,0.818817,0.014365,9.294291
1764070204094,0.919373,-0.117316,9.414001
1764070204102,-0.021548,-0.490811,10.989386
1764070204110,0.225055,-0.667982,10.855310
1764070204118,0.205901,-0.265756,9.545682
1764070204126,0.282516,0.232238,8.686164
1764070204134,0.440533,0.399832,9.208099
1764070204142,0.280122,0.450110,9.028535
1764070204150,-0.833182,-0.780510,13.050794
1764070204158,-0.028730,0.691924,9.062054
1764070204166,0.938527,-0.433351,11.080365
1764070204174,-0.715866,-0.586579,10.500969
1764070204182,0.014365,-0.208296,9.397242
1764070204190,0.160412,0.011971,10.412383
1764070204198,0.169988,0.107739,9.789890
1764070204206,0.162806,-0.165200,10.299856
1764070204214,-0.119710,-0.227449,9.993398
1764070204222,-0.033519,0.007183,10.299856
1764070204230,-0.038307,0.098162,9.993398
1764070204238,0.079009,-0.270545,10.381259
1764070204246,-0.122104,-0.165200,10.240001
1764070204254,0.201113,-0.098162,10.582372
1764070204262,0.335188,0.201113,9.921572
1764070204270,0.325611,-0.079009,9.952697
1764070204278,0.373495,-0.028730,10.479421
1764070204286,0.550666,0.263362,9.785102
1764070204294,0.457293,-0.122104,9.433155
1764070204302,0.557849,0.050278,9.952697
1764070204310,0.191536,-0.146046,9.947908
1764070204318,0.141258,0.138864,9.677363
1764070204326,0.241814,0.100556,9.378088
1764070204334,-0.086191,-0.105345,10.644621
1764070204342,-0.074220,0.090980,10.776301
1764070204350,0.057461,0.179565,10.570400
1764070204358,0.189142,0.332794,9.588778
1764070204366,0.481235,0.045490,10.589554
1764070204374,0.675165,-0.002394,8.853758
1764070204382,0.404620,-0.143652,10.137050
1764070204390,0.553061,-0.146046,9.727641
1764070204398,0.519542,-0.246603,9.947908
1764070204406,0.256180,-0.229843,10.022128
1764070204414,0.246603,-0.009577,9.885659
1764070204422,0.471658,0.136469,9.253590
1764070204430,0.632069,0.821211,7.852982
1764070204438,0.768539,-0.531513,12.552799
1764070204446,0.220267,-0.179565,9.160215
1764070204454,0.186748,-0.047884,9.993398
1764070204462,0.055067,0.143652,9.871294
1764070204470,0.040701,0.055067,9.864111
1764070204478,0.088585,0.102951,9.852140
1764070204486,0.577003,0.208296,9.627085
1764070204494,0.050278,-0.126893,10.213664
1764070204502,0.450110,0.038307,10.010158
1764070204510,0.715866,0.023942,9.670180
1764070204518,1.024718,-0.251391,10.486604
1764070204526,0.773327,-0.359130,9.423578
1764070204534,0.974440,-0.198719,10.014946
1764070204542,0.605733,-0.395043,9.404425
1764070204550,0.325611,-0.244209,10.505757
1764070204558,0.095768,-0.172383,9.265560
1764070204566,-0.438139,-0.136469,10.733206
1764070204574,-0.294487,0.098162,9.756371
1764070204582,-0.720655,0.047884,9.825804
1764070204590,-0.378284,0.153229,10.240001
1764070204598,-0.076614,0.035913,9.864111
1764070204606,-0.134075,-0.100556,9.981427
1764070204614,0.071826,-0.143652,9.926360
1764070204622,0.330400,0.028730,9.672575
1764070204630,0.553061,-0.047884,9.689334
1764070204638,0.505177,-0.270545,9.593566
1764070204646,0.217872,-0.167594,9.792285
1764070204654,0.148441,0.057461,10.017340
1764070204662,0.009577,0.069432,9.785102
1764070204670,-0.059855,0.069432,10.201694
1764070204678,-0.134075,0.004788,10.180145
1764070204686,-0.019154,-0.079009,9.730036
1764070204694,0.179565,0.000000,9.919178
1764070204702,0.287304,-0.167594,9.502586
1764070204710,0.277727,-0.296881,9.672575
1764070204718,0.519542,-0.160412,10.395624
1764070204726,0.486023,-0.292093,9.835381
1764070204734,0.380678,-0.387861,9.414001
1764070204742,0.339977,-0.220267,10.654198
1764070204750,0.445322,-0.184354,9.727641
1764070204758,0.430956,-0.342371,10.115502
1764070204766,0.617704,-0.347159,7.764396
1764070204774,0.409408,0.189142,11.638214
1764070204781,0.488417,-0.610521,11.058818
1764070204789,0.802058,-0.239420,7.357382
1764070204797,0.306458,0.177171,9.363723
1764070204805,0.644040,-0.447716,10.165780
1764070204813,0.349553,-0.260968,8.904037
1764070204821,0.380678,-0.296881,9.679757
1764070204829,0.574608,-0.098162,10.647015
1764070204837,0.294487,-0.011971,10.029311
1764070204845,0.105345,-0.363919,10.297462
1764070204853,-0.016759,-0.122104,10.050858
1764070204861,-0.162806,-0.122104,10.520123
1764070204869,0.397437,-0.368707,8.149862
1764070204877,-0.339977,0.553061,7.060501
1764070204885,-0.500388,-0.648829,15.227123
1764070204893,-0.002394,-1.168370,10.441113
1764070204901,0.770933,0.342371,5.451597
1764070204909,-0.028730,-0.131681,11.080365
1764070204917,-0.134075,-0.067038,10.441113
1764070204925,0.098162,0.131681,8.935161
1764070204933,0.454898,-0.186748,10.486604
1764070204941,0.390255,0.031125,10.508151
1764070204949,0.490811,0.114922,8.702923
1764070204957,-0.179565,0.323217,11.018116
1764070204965,0.378284,0.035913,9.045294
1764070204973,-0.268151,0.323217,10.575189
1764070204981,-0.699107,-0.033519,11.398794
1764070204989,0.158017,0.268151,8.741230
1764070204997,0.311246,0.011971,9.536105
1764070205005,0.311246,-0.260968,9.445126
1764070205013,0.083797,-0.124498,10.091560
1764070205021,0.435745,-0.112527,9.421184
1764070205029,0.351948,-0.074220,10.230424
1764070205037,0.543484,-0.280122,9.691729
1764070205045,0.476446,-0.107739,9.466674
1764070205053,0.181959,-0.301669,9.914390
1764070205061,-0.002394,-0.055067,10.129868
1764070205069,-0.057461,0.040701,9.835381
1764070205077,-0.055067,-0.146046,10.079589
1764070205085,-0.239420,0.174777,9.696517
1764070205093,0.129287,-0.131681,9.890448
1764070205101,0.361524,-0.213084,9.904813
1764070205109,0.541090,-0.316035,9.536105
1764070205117,0.603339,-0.215478,9.813833
1764070205125,0.907402,-0.052672,9.844957
1764070205133,0.866701,-0.210690,9.720459
1764070205141,0.737414,-0.160412,9.670180
1764070205149,0.622492,0.181959,9.919178
1764070205157,0.569820,-0.102951,10.110714
1764070205165,0.320823,-0.014365,9.751583
1764070205173,0.383072,-0.167594,10.156203
1764070205181,0.284910,-0.296881,10.026917
1764070205189,0.790087,-0.126893,9.332599
1764070205197,0.634463,-0.263362,9.964667
1764070205205,0.723049,-0.198719,9.720459
1764070205213,0.780510,-0.287304,9.598354
1764070205221,0.907402,-0.371101,9.785102
1764070205229,0.725443,-0.325611,9.720459
1764070205237,0.442927,-0.251391,9.909601
1764070205245,-0.735020,-0.517148,10.426748
1764070205253,0.833182,0.057461,9.947908
1764070205261,0.064643,0.134075,10.050858
1764070205269,0.119710,-0.083797,10.007763
1764070205277,-0.210690,-0.045490,10.745177
1764070205285,-0.122104,0.019154,9.928755
1764070205293,-0.232238,-0.031125,9.976639
1764070205301,-0.246603,0.011971,9.765948
1764070205309,0.457293,-0.081403,9.662998
1764070205317,0.282516,-0.023942,9.840169
1764070205325,0.239420,-0.119710,9.653421
1764070205333,0.162806,-0.011971,9.799467
1764070205341,-0.105345,0.026336,9.823410
1764070205349,-0.256180,-0.146046,9.835381
1764070205357,-0.433351,-0.052672,9.837775
1764070205365,-1.113304,-0.258574,10.074800
1764070205373,-1.130063,-0.059855,9.952697
1764070205381,-0.672771,0.074220,9.804255
1764070205389,-0.749385,0.359130,10.029311
1764070205397,-0.641646,0.021548,9.758766
1764070205405,-0.569820,0.189142,9.770737
1764070205413,-0.656011,-0.021548,10.189722
1764070205421,-0.222661,-0.064643,9.962274
1764070205429,0.749385,-0.284910,9.789890
1764070205437,0.565032,-0.433351,9.868899
1764070205445,0.248997,0.524330,10.340557
1764070205453,0.155623,-0.368707,9.076419
1764070205461,-0.514753,-0.452504,9.528923
1764070205469,-0.256180,-0.100556,10.572795
1764070205477,0.347159,0.155623,9.897630
1764070205485,-0.239420,-0.074220,10.041282
1764070205493,-0.138864,-0.615310,9.385271
1764070205501,-0.289698,-0.213084,10.038888
1764070205509,0.624887,-0.079009,9.799467
1764070205517,0.311246,-0.351948,9.615114
1764070205525,-0.045490,-0.119710,9.730036
1764070205533,0.773327,-0.205901,9.971850
1764070205541,0.397437,-0.117316,10.235212
1764070205549,1.103727,-0.177171,10.002975
1764070205557,0.612916,-0.342371,9.739613
1764070205565,1.422156,-0.495600,9.421184
1764070205573,1.663970,-0.306458,9.088389
1764070205581,0.833182,-0.071826,9.119514
1764070205589,0.888249,-0.339977,8.978256
1764070205597,0.802058,-0.469264,10.189722
1764070205605,0.301669,-0.153229,11.068395
1764070205613,0.213084,0.248997,9.861717
1764070205621,0.392649,0.055067,9.895236
1764070205629,0.105345,0.095768,10.048465
1764070205637,0.112527,0.076614,9.770737
1764070205645,-0.002394,0.148441,9.957485
1764070205653,-0.225055,-0.023942,9.995792
1764070205661,-0.179565,0.000000,9.842564
1764070205669,-0.023942,-0.033519,9.682152
1764070205677,0.213084,0.086191,9.519346
1764070205685,0.045490,-0.002394,9.756371
1764070205693,0.363919,0.007183,9.382876
1764070205701,0.325611,0.100556,9.969456
1764070205709,0.088585,0.031125,9.303867
1764070205717,0.268151,0.201113,10.050858
1764070205725,0.608127,-0.126893,9.442732
1764070205733,0.502782,-0.304064,10.232818
1764070205741,0.442927,0.088585,9.892841
1764070205749,0.280122,-0.136469,10.074800
1764070205757,0.495600,0.033519,9.344569
1764070205765,0.464475,-0.014365,9.911995
1764070205773,0.332794,-0.074220,9.775525
1764070205781,0.557849,-0.272939,9.473856
1764070205789,0.361524,-0.177171,10.338163
1764070205797,0.735020,-0.181959,9.710882
1764070205805,0.703895,-0.095768,9.643845
1764070205813,0.354342,-0.356736,10.089166
1764070205821,0.407014,-0.040701,9.976639
1764070205829,0.117316,-0.016759,9.866506
1764070205837,-0.143652,0.186748,9.897630
1764070205845,-0.205901,0.229843,9.844957
1764070205853,0.112527,0.213084,9.720459
1764070205861,0.265756,-0.105345,9.674969
1764070205869,0.256180,-0.086191,9.890448
1764070205877,0.033519,-0.026336,9.890448
1764070205885,-0.014365,-0.117316,9.911995
1764070205893,-0.014365,-0.272939,10.237606
1764070205901,0.026336,-0.098162,9.418790
1764070205909,-0.141258,-0.423774,10.455479
1764070205917,0.213084,-0.409408,9.373300
1764070205925,-0.047884,-0.244209,10.376471
1764070205933,0.397437,-0.074220,10.180145
1764070205941,0.193930,0.023942,10.165780
1764070205949,-0.033519,-0.292093,9.782708
1764070205957,0.016759,0.038307,9.722853
1764070205965,1.094150,-0.670376,7.797915
1764070205973,0.239420,-0.189142,11.836933
1764070205981,0.392649,0.086191,9.382876
1764070205989,0.040701,-0.361524,9.959879
1764070205997,-0.435745,-0.359130,10.022128
1764070206005,-0.505177,0.146046,10.218452
1764070206013,-0.337582,0.146046,9.842564
1764070206021,-0.081403,0.009577,9.581595
1764070206029,-0.351948,0.021548,10.709264
1764070206037,0.292093,-0.150835,9.210494
1764070206045,0.548272,-0.205901,9.902418
1764070206053,0.725443,-0.055067,9.964667
1764070206061,0.555455,-0.378284,9.885659
1764070206069,0.565032,-0.438139,10.034100
1764070206077,0.828394,-0.129287,9.964667
1764070206085,0.624887,-0.167594,9.720459
1764070206092,0.181959,0.260968,9.579201
1764070206100,0.438139,-0.758962,8.327033
1764070206108,0.045490,-0.301669,10.749966
1764070206116,0.102951,0.052672,10.891224
1764070206124,0.799663,-0.153229,8.954314
1764070206132,0.701501,-0.486023,10.105926
1764070206140,0.306458,-0.335188,10.096349
1764070206148,0.474052,-0.059855,9.572019
1764070206156,0.153229,0.047884,9.624691
1764070206164,-0.287304,-0.153229,9.794679
1764070206172,-0.845153,-0.090980,10.455479
1764070206180,-0.351948,0.426168,10.338163
1764070206188,0.105345,0.174777,9.682152
1764070206196,0.174777,0.112527,10.259154
1764070206204,0.225055,0.359130,9.574412
1764070206212,0.600945,-0.160412,10.386047
1764070206220,0.335188,-0.081403,9.950302
1764070206228,0.828394,-0.215478,9.018958
1764070206236,0.301669,-0.040701,10.642226
1764070206244,-0.237026,-0.047884,9.823410
1764070206252,0.031125,-0.162806,9.880871
1764070206260,-0.172383,-0.624887,9.914390
1764070206268,-0.440533,-0.019154,10.187328
1764070206276,-0.811634,0.023942,10.175357
1764070206284,-0.385466,0.248997,9.531317
1764070206292,0.138864,-0.545878,9.574412
1764070206300,-0.354342,-0.035913,10.881647
1764070206308,0.735020,-0.442927,8.951921
1764070206316,0.694318,-0.002394,10.575189
1764070206324,1.003170,-0.864307,8.422802
1764070206332,0.169988,-0.287304,11.803414
1764070206340,0.988805,-0.186748,7.678205
1764070206348,-0.198719,-0.351948,11.812991
1764070206356,0.354342,-0.955287,7.766790
1764070206364,-0.320823,-0.445322,11.556811
1764070206372,0.114922,-0.268151,7.831434
1764070206380,0.100556,-0.007183,11.403583
1764070206388,-0.476446,-0.071826,10.026917
1764070206396,0.411803,-0.598550,8.671799
1764070206404,0.512359,-0.442927,10.357317
1764070206412,-0.124498,-0.368707,10.457873
1764070206420,1.089362,0.181959,10.309433
1764070206428,0.205901,0.241814,11.054029
1764070206436,0.524330,0.064643,8.470686
1764070206444,0.318429,-0.102951,10.242394
1764070206452,0.090980,0.052672,9.469068
1764070206460,0.009577,-0.229843,9.548077
1764070206468,0.002394,-0.086191,10.390836
1764070206476,-0.079009,-0.062249,9.835381
1764070206484,-0.172383,0.148441,9.488221
1764070206492,-0.169988,-0.035913,10.077195
1764070206500,-0.067038,-0.112527,9.605537
1764070206508,0.009577,0.062249,9.921572
1764070206516,0.184354,0.023942,9.780313
1764070206524,0.301669,-0.079009,9.610326
1764070206532,0.311246,0.337582,10.103531
1764070206540,-0.311246,0.237026,10.158598
1764070206548,0.275333,-0.138864,9.878476
1764070206556,0.299275,-0.169988,10.180145
1764070206564,0.318429,0.028730,8.971074
1764070206572,0.213084,0.138864,10.465055
1764070206580,0.299275,-0.186748,9.026140
1764070206588,0.213084,0.081403,10.182540
1764070206596,0.160412,0.143652,9.569624
1764070206604,0.100556,-0.031125,10.012551
1764070206612,0.122104,0.248997,9.358934
1764070206620,-0.071826,-0.052672,9.646238
1764070206628,0.186748,0.320823,10.266336
1764070206636,0.220267,0.146046,9.495404
1764070206644,-0.002394,-0.071826,9.823410
1764070206652,0.047884,-0.107739,10.196905
1764070206660,0.193930,-0.102951,9.562442
1764070206668,0.193930,0.110133,10.551247
1764070206676,0.488417,-0.045490,9.176975
1764070206684,0.349553,-0.050278,9.392453
1764070206692,0.342371,0.050278,10.271125
1764070206700,0.100556,-0.248997,9.430760
1764070206708,0.210690,0.241814,10.065224
1764070206716,-0.098162,0.567426,11.331757
1764070206724,0.210690,-1.022324,9.311050
1764070206732,-0.246603,-0.210690,10.132261
1764070206740,-0.011971,0.471658,9.746795
1764070206748,0.083797,0.038307,10.405201
1764070206756,-0.074220,-0.445322,9.524135
1764070206764,0.201113,0.083797,10.551247
1764070206772,0.280122,0.306458,10.232818
1764070206780,0.229843,0.246603,7.886500
1764070206788,-0.014365,0.189142,10.805033
1764070206796,0.208296,-0.138864,10.151415
1764070206804,0.016759,0.016759,9.179369
1764070206812,-0.035913,0.093374,10.304645
1764070206820,0.265756,0.234632,9.519346
1764070206828,0.215478,-0.167594,9.722853
1764070206836,0.191536,-0.098162,10.230424
1764070206844,0.272939,-0.071826,9.737218
1764070206852,0.222661,0.014365,9.837775
1764070206860,0.378284,0.158017,10.043676
1764070206868,0.308852,0.438139,9.579201
1764070206876,0.217872,0.148441,9.933543
1764070206884,0.258574,-0.110133,9.907207
1764070206892,0.330400,0.119710,9.928755
1764070206900,0.390255,0.220267,10.053253
1764070206908,0.610521,-0.081403,9.593566
1764070206916,0.486023,-0.110133,9.991004
1764070206924,0.397437,-0.023942,9.880871
1764070206932,0.258574,-0.014365,10.050858
1764070206940,0.299275,-0.701501,9.543288
1764070206948,0.045490,0.967257,10.486604
1764070206956,0.129287,-0.205901,9.548077
1764070206964,0.009577,-0.213084,10.046070
1764070206972,0.047884,-0.021548,9.746795
1764070206980,0.268151,0.167594,10.005369
1764070206988,0.548272,-0.009577,10.089166
1764070206996,0.404620,-0.332794,9.033323
1764070207004,0.330400,0.093374,10.484209
1764070207012,0.368707,-0.081403,9.464279
1764070207020,0.124498,-0.117316,10.127473
1764070207028,0.184354,-0.268151,9.524135
1764070207036,0.318429,-0.256180,9.591172
1764070207044,0.203507,-0.184354,10.081984
1764070207052,0.055067,-0.174777,9.964667
1764070207060,0.059855,-0.098162,9.849746
1764070207068,0.090980,-0.014365,10.079589
1764070207076,0.232238,0.079009,9.765948
1764070207084,0.301669,0.035913,9.545682
1764070207092,0.378284,-0.090980,10.194510
1764070207100,0.423774,0.004788,9.619903
1764070207108,0.423774,-0.002394,9.947908
1764070207116,0.268151,-0.141258,10.007763
1764070207124,0.201113,0.047884,9.763555
1764070207132,0.184354,-0.019154,10.086772
1764070207140,0.258574,0.098162,9.629479
1764070207148,0.143652,0.009577,10.093954
1764070207156,0.148441,0.076614,9.854534
1764070207164,0.153229,0.263362,10.788273
1764070207172,0.299275,-0.126893,8.959103
1764070207180,0.409408,0.009577,10.062830
1764070207188,0.390255,-0.181959,9.981427
1764070207196,0.495600,-0.129287,9.634268
1764070207204,0.430956,-0.181959,10.158598
1764070207212,0.356736,-0.280122,9.753978
1764070207220,0.363919,-0.102951,9.588778
1764070207228,0.351948,-0.040701,9.993398
1764070207236,0.325611,0.011971,9.840169
1764070207244,0.301669,0.079009,9.794679
1764070207252,0.272939,0.064643,10.053253
1764070207260,0.141258,0.093374,9.792285
1764070207268,0.146046,-0.131681,9.497798
1764070207276,0.062249,-0.090980,9.988609
1764070207284,-0.079009,-0.282516,9.895236
1764070207292,-0.232238,-0.368707,9.914390
1764070207300,-0.134075,-0.100556,9.816227
1764070207308,0.052672,-0.050278,9.842564
1764070207316,0.203507,0.102951,10.172963
1764070207324,0.234632,0.021548,9.600749
1764070207332,0.323217,-0.026336,9.931149
1764070207340,0.392649,-0.167594,9.931149
1764070207348,0.438139,-0.124498,9.785102
1764070207356,0.349553,-0.301669,9.701305
1764070207364,0.284910,-0.330400,9.761160
1764070207372,0.064643,-0.430956,9.730036
1764070207380,0.004788,-0.361524,10.065224
1764070207388,-0.086191,-0.234632,9.751583
1764070207396,-0.256180,-0.361524,9.868899
1764070207404,-0.459687,-0.268151,10.158598
1764070207412,-0.141258,-0.430956,9.646238
1764070207420,0.057461,-0.203507,9.734824
1764070207428,0.232238,-0.067038,10.307038
1764070207436,0.301669,-0.500388,9.634268
1764070207444,0.359130,-0.124498,9.878476
1764070207452,0.450110,-0.138864,9.761160
1764070207460,0.368707,-0.241814,9.935937
1764070207468,0.246603,-0.047884,9.883265
1764070207476,0.201113,-0.064643,9.902418
1764070207484,0.076614,-0.380678,9.787497
1764070207492,-0.033519,-0.438139,10.096349
1764070207500,0.028730,-0.330400,10.010158
1764070207508,0.016759,-0.174777,9.382876
1764070207516,0.545878,0.488417,9.818622
1764070207524,0.430956,-0.323217,9.002198
1764070207532,0.158017,-0.117316,10.251971
1764070207540,-0.110133,-0.191536,10.041282
1764070207548,-0.023942,-0.311246,10.381259
1764070207556,-0.126893,-0.169988,9.507375
1764070207564,-1.144428,1.072602,9.550470
1764070207572,-0.533907,0.124498,9.926360
1764070207580,0.308852,-0.112527,10.220847
1764070207588,-1.015141,0.919373,11.042058
1764070207596,-0.548272,0.677559,9.540894
1764070207604,0.622492,-0.428562,9.327810
1764070207612,0.735020,-0.574608,8.848969
1764070207620,-0.105345,0.320823,9.540894
1764070207628,0.514753,0.234632,9.021352
1764070207636,1.108515,-3.023877,1.819593
1764070207644,-2.762909,4.311957,35.616146
1764070207652,0.339977,-0.028730,13.670892
1764070207660,0.565032,-0.454898,7.577648
1764070207668,0.263362,0.026336,9.660604
1764070207676,0.296881,0.538695,9.196129
1764070207684,0.124498,-0.045490,9.612720
1764070207692,0.028730,0.186748,10.168175
1764070207700,0.184354,-0.014365,9.334992
1764070207708,0.050278,0.203507,9.832987
1764070207716,0.007183,-0.079009,9.952697
1764070207724,-0.150835,-0.162806,9.493010
1764070207732,-0.241814,-0.287304,9.437943
1764070207740,-0.234632,-0.095768,9.107543
1764070207748,-0.409408,0.153229,9.919178
1764070207756,-0.442927,0.234632,9.835381
1764070207764,-0.110133,-0.141258,9.694122
1764070207772,-0.404620,0.057461,10.419566
1764070207780,-0.232238,0.277727,10.065224
1764070207788,-0.110133,0.122104,9.404425
1764070207796,-0.100556,0.026336,9.631873
1764070207804,-0.167594,0.033519,9.593566
1764070207812,-0.016759,0.263362,10.187328
1764070207820,0.057461,-0.088585,9.730036
1764070207828,0.107739,-0.162806,10.237606
1764070207836,-0.093374,-0.169988,9.902418
1764070207844,-0.090980,0.366313,11.159374
1764070207852,-0.074220,0.086191,10.139444
1764070207860,-0.430956,-0.524330,8.963891
1764070207868,-0.404620,-0.059855,9.876082
1764070207876,-0.392649,0.124498,11.326968
1764070207884,-0.351948,-0.311246,9.200917
1764070207892,0.119710,0.098162,10.481815
1764070207900,0.217872,0.316035,10.307038
1764070207908,0.323217,0.019154,10.893618
1764070207916,0.339977,-0.529119,9.624691
1764070207924,0.244209,-0.371101,8.231265
1764070207932,0.275333,-0.033519,10.206482
1764070207940,0.193930,-0.565032,9.313444
1764070207948,0.189142,-0.191536,11.353305
1764070207956,-0.112527,0.088585,10.105926
1764070207964,-0.148441,-0.225055,9.785102
1764070207972,0.043096,0.057461,11.358093
1764070207980,-0.035913,0.430956,9.165004
1764070207988,-0.447716,-0.342371,9.447520
1764070207996,-0.162806,0.359130,9.916783
1764070208004,0.131681,0.011971,9.840169
1764070208012,0.215478,-0.366313,11.547235
1764070208020,-0.124498,0.052672,9.710882
1764070208028,-0.126893,-0.430956,9.461885
1764070208036,-0.055067,-0.344765,9.531317
1764070208044,0.021548,-0.217872,9.825804
1764070208052,-0.021548,0.282516,10.113108
1764070208060,-0.488417,-0.004788,9.631873
1764070208068,-0.136469,0.014365,9.789890
1764070208076,0.026336,-0.213084,9.770737
1764070208084,-0.064643,-0.100556,9.854534
1764070208092,-0.600945,0.277727,9.897630
1764070208100,0.081403,-0.244209,10.199299
1764070208108,0.019154,-0.280122,9.840169
1764070208116,-0.153229,-0.215478,9.895236
1764070208124,-0.155623,0.040701,10.091560
1764070208132,-0.201113,-0.138864,9.974244
1764070208140,-0.416591,-0.076614,9.583989
1764070208148,-0.488417,0.100556,9.938332
1764070208156,-0.926556,0.351948,9.220071
1764070208164,-0.275333,-0.002394,10.390836
1764070208172,-0.248997,0.213084,9.655815
1764070208180,-0.136469,0.351948,10.122684
1764070208188,0.016759,0.126893,9.746795
1764070208196,0.155623,0.131681,9.787497
1764070208204,-0.043096,-0.158017,9.552865
1764070208212,-0.093374,0.023942,9.466674
1764070208220,-0.361524,0.256180,9.478644
1764070208228,-0.378284,0.328006,9.387665
1764070208236,-0.452504,0.299275,9.402030
1764070208244,-0.258574,0.395043,10.424355
1764070208252,-0.565032,0.253785,9.394848
1764070208260,-0.486023,0.311246,9.933543
1764070208268,-0.387861,0.083797,8.408437
1764070208276,-0.155623,0.143652,10.036493
1764070208284,-0.136469,0.002394,10.010158
1764070208292,-0.026336,-0.059855,9.595961
1764070208300,0.043096,0.002394,9.627085
1764070208308,-0.016759,-0.217872,9.904813
1764070208316,-0.282516,0.021548,9.706094
1764070208324,-0.052672,-0.083797,10.043676
1764070208332,-0.284910,0.038307,9.940725
1764070208340,-0.277727,0.323217,9.861717
1764070208348,-0.715866,0.196325,9.804255
1764070208356,-0.387861,0.215478,10.048465
1764070208364,-0.505177,0.059855,9.291897
1764070208372,-0.557849,-0.275333,7.153875
1764070208380,0.028730,-0.416591,8.999804
1764070208388,0.131681,-0.562637,10.297462
1764070208396,-0.062249,-0.351948,10.175357
1764070208404,-0.129287,-0.452504,9.514558
1764070208412,-0.277727,-0.514753,10.024523
1764070208420,-0.351948,-0.366313,10.247183
1764070208428,-0.464475,-0.160412,9.457097
1764070208436,-0.316035,0.112527,9.569624
1764070208444,-0.457293,-0.011971,9.540894
1764070208452,-0.253785,0.009577,10.505757
1764070208460,-0.486023,0.100556,9.703699
1764070208468,-0.481235,-0.031125,9.258378
1764070208476,-0.414197,-0.143652,8.621520
1764070208484,0.086191,-0.016759,11.683704
1764070208492,-0.205901,-0.114922,9.323022
1764070208500,-0.119710,-0.347159,9.873688
1764070208508,0.002394,-0.337582,10.050858
1764070208516,1.244985,0.124498,11.748347
1764070208524,-2.097321,-1.218649,0.186748
1764070208532,-0.940921,0.225055,7.797915
1764070208539,0.038307,0.277727,10.893618
1764070208548,-0.926556,0.181959,9.928755
1764070208555,-0.730232,0.095768,9.363723
1764070208563,-0.545878,0.055067,9.686940
1764070208571,-0.483629,0.064643,9.564836
1764070208579,-0.787692,-0.277727,8.066066
1764070208587,-0.019154,-0.244209,9.686940
1764070208595,0.055067,-0.356736,9.662998
1764070208603,0.081403,-0.596156,10.259154
1764070208611,0.383072,-0.454898,11.659762
1764070208619,0.265756,-0.493206,9.847352
1764070208627,0.366313,-0.031125,12.880805
1764070208635,-0.143652,-0.205901,10.275913
1764070208643,-0.560243,0.169988,11.154586
1764070208651,-0.474052,0.203507,10.771513
1764070208659,-0.462081,-0.110133,9.610326
1764070208667,-0.536301,0.011971,9.471462
1764070208675,-0.081403,-0.110133,10.465055
1764070208683,-0.371101,-0.366313,9.991004
1764070208691,-0.119710,-0.397437,10.120291
1764070208699,-0.260968,-0.531513,8.683769
1764070208707,0.057461,-0.442927,9.782708
1764070208715,0.268151,-0.215478,10.551247
1764070208723,0.067038,-0.150835,9.787497
1764070208731,0.148441,0.033519,9.751583
1764070208739,0.062249,0.019154,9.940725
1764070208747,0.150835,0.083797,9.734824
1764070208755,0.129287,0.023942,9.560047
1764070208763,-0.011971,-0.014365,9.682152
1764070208771,0.033519,-0.124498,9.883265
1764070208779,0.344765,-0.397437,10.022128
1764070208787,0.256180,-0.474052,9.327810
1764070208795,0.371101,-0.459687,9.753978
1764070208803,0.529119,-0.248997,9.897630
1764070208811,0.500388,-0.023942,9.885659
1764070208819,0.500388,0.076614,10.319010
1764070208827,0.438139,0.201113,10.156203
1764070208835,0.320823,0.193930,10.014946
1764070208843,-0.232238,0.232238,8.834604
1764070208851,-0.201113,0.208296,7.194576
1764070208859,-0.035913,0.000000,10.096349
1764070208867,0.136469,-0.294487,10.108319
1764070208875,0.035913,-0.366313,9.035717
1764070208883,0.490811,-0.354342,10.137050
1764070208891,0.239420,-0.476446,9.260772
1764070208899,0.428562,-0.184354,10.357317
1764070208907,0.296881,0.016759,9.662998
1764070208915,0.014365,0.270545,9.909601
1764070208923,0.119710,0.282516,9.969456
1764070208931,0.045490,0.189142,9.933543
1764070208939,-0.220267,0.344765,9.785102
1764070208947,-0.227449,0.294487,10.333375
1764070208955,-0.263362,0.162806,9.983821
1764070208963,-0.205901,0.074220,10.532093
1764070208971,-0.258574,-0.009577,9.639056
1764070208979,-0.174777,-0.009577,9.854534
1764070208987,-0.050278,-0.205901,9.337387
1764070208995,0.047884,-0.244209,9.849746
1764070209003,0.256180,-0.124498,9.107543
1764070209011,0.545878,0.126893,10.170568
1764070209019,0.488417,-0.002394,9.665392
1764070209027,0.442927,-0.038307,10.084377
1764070209035,-0.028730,-0.040701,9.713276
1764070209043,0.004788,0.062249,11.025299
1764070209051,-0.117316,-0.047884,9.665392
1764070209059,-0.248997,0.033519,9.775525
1764070209067,-0.325611,-0.031125,9.160215
1764070209075,-0.098162,-0.088585,10.002975
1764070209083,0.038307,-0.095768,9.835381
1764070209091,0.292093,-0.057461,10.417171
1764070209099,0.265756,-0.117316,9.710882
1764070209107,0.402226,0.026336,10.074800
1764070209115,0.450110,0.004788,9.679757
1764070209123,0.354342,0.237026,10.366894
1764070209131,0.397437,0.043096,10.532093
1764070209139,0.531513,-0.392649,9.248801
1764070209147,0.816423,-0.308852,10.172963
1764070209155,0.476446,-0.083797,9.471462
1764070209163,0.126893,-0.028730,10.072407
1764070209171,0.306458,-0.160412,9.138668
1764070209179,0.548272,0.007183,10.201694
1764070209187,0.189142,0.095768,9.986216
1764070209195,0.323217,0.007183,10.053253
1764070209203,0.402226,-0.040701,9.986216
1764070209211,0.239420,-0.088585,10.089166
1764070209219,-0.459687,-0.083797,9.397242
1764070209227,0.095768,0.162806,10.421960
1764070209235,0.019154,0.124498,9.617508
1764070209243,0.088585,0.256180,9.928755
1764070209251,-0.045490,0.222661,9.744401
1764070209259,-0.110133,0.189142,9.782708
1764070209267,-0.258574,0.198719,9.382876
1764070209275,-0.430956,0.122104,9.409213
1764070209283,-0.454898,0.119710,10.125079
1764070209291,-0.292093,-0.086191,9.732430
1764070209299,-0.253785,-0.213084,10.266336
1764070209307,-0.201113,-0.167594,9.928755
1764070209315,-0.186748,-0.189142,9.639056
1764070209323,-0.026336,-0.086191,10.091560
1764070209331,-0.193930,-0.081403,9.981427
1764070209339,-0.512359,-0.069432,10.007763
1764070209347,-0.569820,0.047884,9.619903
1764070209355,-0.392649,0.095768,9.466674
1764070209363,-0.356736,0.076614,9.514558
1764070209371,-0.260968,0.000000,9.576807
1764070209379,-0.268151,-0.083797,9.576807
1764070209387,-0.117316,-0.009577,10.307038
1764070209395,-0.304064,-0.014365,9.270349
1764070209403,-0.196325,-0.040701,9.821015
1764070209411,-0.138864,0.014365,10.081984
1764070209419,-0.136469,-0.076614,9.866506
1764070209427,-0.023942,-0.114922,9.844957
1764070209435,0.064643,-0.090980,9.658210
1764070209443,0.244209,-0.009577,9.562442
1764070209451,0.371101,0.098162,9.988609
1764070209459,0.277727,0.093374,9.718064
1764070209467,0.232238,0.071826,9.777920
1764070209475,0.102951,0.179565,9.485827
1764070209483,0.275333,0.129287,10.682928
1764070209491,0.057461,0.083797,9.835381
1764070209499,0.335188,0.117316,10.189722
1764070209507,0.474052,-0.047884,9.720459
1764070209515,0.474052,-0.165200,9.907207
1764070209523,0.517148,-0.174777,10.244789
1764070209531,0.493206,-0.201113,10.074800
1764070209539,0.646434,-0.172383,9.979033
1764070209547,0.426168,-0.112527,9.883265
1764070209555,0.337582,-0.071826,9.916783
1764070209563,0.055067,-0.067038,9.627085
1764070209571,0.203507,0.086191,9.586384
1764070209579,0.167594,0.239420,9.349358
1764070209587,0.421380,0.337582,9.844957
1764070209595,0.627281,0.371101,10.326192
1764070209603,0.407014,0.260968,9.830592
1764070209611,0.380678,0.272939,10.314221
1764070209619,0.052672,0.114922,10.079589
1764070209627,0.074220,0.088585,9.909601
1764070209635,0.045490,-0.011971,9.770737
1764070209643,-0.040701,-0.026336,9.811439
1764070209651,0.083797,-0.059855,9.806650
1764070209659,0.193930,-0.107739,9.873688
1764070209667,0.090980,-0.088585,9.715671
1764070209675,0.210690,-0.033519,9.849746
1764070209683,-0.035913,0.277727,10.067618
1764070209691,0.026336,0.181959,9.789890
1764070209699,-0.055067,0.347159,10.067618
1764070209707,0.478840,0.146046,10.350134
1764070209715,0.215478,0.117316,9.579201
1764070209723,0.088585,0.234632,9.974244
1764070209731,0.232238,0.186748,9.780313
1764070209739,0.162806,0.349553,9.837775
1764070209747,0.423774,0.411803,9.923966
1764070209755,0.541090,0.495600,9.916783
1764070209763,0.313640,0.311246,9.854534
1764070209771,0.433351,0.414197,9.789890
1764070209779,0.395043,0.541090,9.701305
1764070209787,0.545878,0.454898,9.732430
1764070209795,0.359130,0.308852,9.885659
1764070209803,0.237026,0.193930,9.892841
1764070209811,-0.014365,0.086191,9.959879
1764070209819,-0.260968,0.081403,9.854534
1764070209827,-0.411803,0.050278,9.828198
1764070209835,-0.462081,0.062249,9.849746
1764070209843,-0.373495,0.098162,9.787497
1764070209851,-0.471658,0.107739,9.737218
1764070209859,0.179565,0.114922,9.998186
1764070209867,0.385466,0.064643,9.940725
1764070209875,-0.045490,0.217872,9.911995
1764070209883,0.028730,0.124498,9.921572
1764070209891,-0.404620,0.215478,9.897630
1764070209899,-0.612916,0.222661,9.751583
1764070209907,-0.646434,0.191536,9.902418
1764070209915,0.014365,0.062249,10.163386
1764070209923,-0.160412,-0.414197,11.587936
1764070209931,-1.599327,0.095768,11.044453
1764070209939,-2.420538,0.684742,6.897695
1764070209947,-1.163582,0.567426,10.539276
1764070209955,-0.775721,0.246603,10.457873
1764070209963,-0.794875,0.229843,10.225636
1764070209971,-0.045490,0.402226,10.149021
1764070209979,-0.976834,0.107739,9.358934
1764070209987,-0.629675,0.332794,11.034876
1764070209995,0.502782,-0.059855,9.287108
1764070210003,0.023942,0.330400,8.784326
1764070210011,0.117316,0.146046,9.689334
1764070210019,0.371101,-0.124498,9.959879
1764070210027,0.802058,-0.028730,10.010158
1764070210035,0.239420,0.462081,9.545682
1764070210043,-0.052672,0.404620,9.897630
1764070210051,0.392649,0.294487,10.146626
1764070210059,0.146046,0.464475,9.617508
1764070210067,0.339977,0.268151,10.376471
1764070210075,0.256180,0.112527,10.086772
1764070210083,-0.021548,0.083797,9.361329
1764070210091,0.083797,-0.009577,10.053253
1764070210098,0.076614,0.179565,9.727641
1764070210106,0.011971,0.064643,10.266336
1764070210114,0.021548,0.090980,9.732430
1764070210122,0.253785,0.079009,10.134656
1764070210130,0.172383,0.086191,10.488997
1764070210138,-0.984017,0.447716,9.593566
1764070210146,-0.270545,0.112527,9.117120
1764070210154,0.100556,-0.119710,11.128249
1764070210162,-0.694318,0.222661,9.935937
1764070210170,-0.368707,-0.045490,9.880871
1764070210178,-0.318429,-0.241814,9.943120
1764070210186,-0.579397,-0.076614,9.459491
1764070210194,-0.201113,-0.196325,10.268731
1764070210202,-0.129287,0.272939,9.691729
1764070210210,-0.519542,-0.023942,9.504981
1764070210218,-0.143652,0.114922,10.280702
1764070210226,-0.150835,0.366313,9.677363
1764070210234,0.076614,0.165200,10.340557
1764070210242,0.158017,0.079009,9.974244
1764070210250,0.023942,0.153229,9.761160
1764070210258,0.213084,-0.014365,10.500969
1764070210266,0.095768,0.062249,10.240001
1764070210274,-0.158017,0.093374,9.739613
1764070210282,-0.014365,-0.038307,9.969456
1764070210290,-0.026336,-0.059855,9.749189
1764070210298,0.088585,-0.126893,10.110714
1764070210306,-0.047884,-0.088585,9.437943
1764070210314,0.081403,-0.124498,9.651027
1764070210322,0.014365,-0.098162,9.703699
1764070210330,-0.047884,-0.162806,9.923966
1764070210338,-0.110133,-0.143652,10.218452
1764070210346,-0.074220,-0.098162,9.686940
1764070210354,-0.088585,-0.081403,9.763555
1764070210362,-0.114922,-0.093374,9.902418
1764070210370,0.021548,-0.150835,9.964667
1764070210378,-0.191536,0.004788,10.048465
1764070210386,0.000000,-0.026336,9.660604
1764070210394,0.124498,-0.076614,10.132261
1764070210402,0.248997,0.023942,10.070012
1764070210410,0.000000,0.256180,9.615114
1764070210418,-0.110133,0.210690,10.101137
1764070210426,-0.248997,0.158017,9.979033
1764070210434,-0.512359,0.241814,9.461885
1764070210442,-0.301669,0.122104,10.309433
1764070210450,-0.579397,0.306458,8.863335
1764070210458,-0.320823,0.095768,10.199299
1764070210466,-0.136469,0.062249,10.170568
1764070210474,-0.102951,0.100556,9.665392
1764070210482,0.162806,0.117316,9.768343
1764070210490,0.210690,0.055067,9.445126
1764070210498,0.311246,-0.122104,10.342952
1764070210506,0.332794,-0.174777,9.773131
1764070210514,0.292093,-0.064643,9.679757
1764070210522,0.208296,-0.203507,10.086772
1764070210530,-0.007183,-0.100556,10.065224
1764070210538,0.023942,-0.134075,10.022128
1764070210546,-0.380678,0.205901,9.212888
1764070210554,-0.296881,-0.052672,10.357317
1764070210562,-0.174777,0.002394,9.734824
1764070210570,-0.093374,0.040701,10.024523
1764070210578,0.402226,-0.146046,9.974244
1764070210586,0.605733,-0.241814,10.050858
1764070210594,0.502782,-0.265756,9.543288
1764070210602,0.682347,-0.155623,9.900024
1764070210610,0.823605,-0.306458,10.093954
1764070210618,0.622492,-0.028730,10.139444
1764070210626,0.241814,0.117316,10.007763
1764070210634,-0.014365,0.169988,9.418790
1764070210642,0.217872,-0.174777,9.890448
1764070210650,-0.234632,0.682347,10.172963
1764070210658,-0.203507,0.215478,9.677363
1764070210666,-0.368707,0.093374,9.859323
1764070210674,-0.124498,0.047884,10.184934
1764070210682,-0.385466,0.332794,9.900024
1764070210690,-0.301669,0.150835,9.890448
1764070210698,-0.059855,0.105345,9.952697
1764070210706,-0.023942,0.107739,9.811439
1764070210714,-0.059855,0.337582,10.146626
1764070210722,-0.332794,0.459687,8.963891
1764070210730,-0.213084,0.390255,9.555259
1764070210738,-0.098162,0.239420,9.428367
1764070210746,-0.313640,0.344765,10.146626
1764070210754,0.076614,0.004788,9.718064
1764070210762,0.124498,0.093374,10.251971
1764070210770,0.318429,-0.119710,10.850522
1764070210778,0.368707,-0.167594,10.472239
1764070210786,0.165200,0.026336,9.732430
1764070210794,0.000000,0.227449,9.677363
1764070210802,-0.014365,0.196325,9.971850
1764070210810,0.102951,0.244209,9.787497
1764070210818,0.059855,0.351948,10.596737
1764070210826,0.234632,0.246603,10.524911
1764070210834,0.438139,0.148441,9.995792
1764070210842,0.296881,0.344765,9.591172
1764070210850,0.308852,0.244209,9.928755
1764070210858,0.313640,0.196325,10.002975
1764070210866,0.390255,0.141258,10.024523
1764070210874,0.210690,0.165200,9.536105
1764070210882,0.256180,0.158017,9.497798
1764070210890,0.203507,0.366313,8.868123
1764070210898,0.459687,0.026336,10.915166
1764070210906,0.452504,0.083797,10.244789
1764070210914,0.296881,0.191536,9.880871
1764070210922,0.059855,0.344765,9.710882
1764070210930,0.158017,0.067038,10.177752
1764070210938,0.323217,0.055067,10.443508
1764070210946,0.256180,0.098162,9.327810
1764070210954,0.306458,0.028730,9.679757
1764070210962,0.459687,-0.169988,10.295067
1764070210970,0.521936,-0.246603,10.366894
1764070210978,0.373495,0.076614,9.691729
1764070210986,0.342371,-0.227449,9.871294
1764070210994,0.256180,-0.138864,10.273520
1764070211002,0.313640,0.086191,9.859323
1764070211010,0.289698,0.016759,9.648633
1764070211018,0.217872,-0.069432,9.677363
1764070211026,0.225055,0.071826,9.797073
1764070211034,0.148441,-0.100556,9.847352
1764070211042,0.316035,-0.050278,9.744401
1764070211050,0.404620,-0.076614,9.943120
1764070211058,0.581791,-0.035913,9.715671
1764070211066,0.555455,-0.201113,10.024523
1764070211074,0.593762,-0.270545,10.204087
1764070211082,0.433351,0.009577,9.955091
1764070211090,0.457293,-0.260968,9.761160
1764070211098,0.110133,-0.040701,8.944737
1764070211106,0.232238,0.141258,10.156203
1764070211114,0.268151,0.328006,9.782708
1764070211122,0.117316,0.067038,9.691729
1764070211130,0.009577,0.009577,9.765948
1764070211138,-0.201113,-0.045490,9.847352
1764070211146,-0.098162,-0.102951,10.079589
1764070211154,-0.095768,-0.158017,9.789890
1764070211162,-0.002394,-0.383072,13.450625
1764070211170,-0.220267,-0.347159,9.679757
1764070211178,0.011971,-0.213084,10.187328
1764070211186,0.270545,-0.251391,10.117896
1764070211194,0.411803,-0.244209,9.890448
1764070211202,0.533907,-0.215478,9.797073
1764070211210,0.586579,-0.002394,7.723695
1764070211218,0.790087,0.124498,8.621520
1764070211226,0.890643,-0.162806,10.869676
1764070211234,0.840365,-0.035913,9.703699
1764070211242,0.763750,-0.031125,9.600749
1764070211250,0.667982,0.217872,9.919178
1764070211258,0.445322,0.102951,9.770737
1764070211266,0.239420,-0.114922,10.948685
1764070211274,0.237026,-0.059855,10.072407
1764070211282,0.325611,-0.107739,9.995792
1764070211290,0.404620,-0.052672,9.782708
1764070211298,0.713472,-0.019154,9.761160
1764070211306,0.881066,-0.112527,9.088389
1764070211314,0.809240,-0.277727,9.679757
1764070211322,0.620098,-0.213084,10.158598
1764070211330,0.387861,0.184354,9.425972
1764070211338,0.114922,0.146046,8.542512
1764070211346,-0.059855,-0.031125,9.461885
1764070211354,-0.095768,-0.138864,10.445902
1764070211362,-0.019154,0.079009,9.725247
1764070211370,-0.069432,-0.019154,10.165780
1764070211378,0.031125,-0.316035,10.165780
1764070211386,0.153229,-0.325611,9.641450
1764070211394,-0.021548,-0.526724,9.981427
1764070211402,0.057461,-0.184354,10.196905
1764070211410,0.021548,-0.093374,9.423578
1764070211418,0.031125,-0.169988,9.385271
1764070211426,0.014365,-0.270545,10.211270
1764070211434,-0.021548,-0.093374,9.660604
1764070211442,0.081403,-0.122104,9.911995
1764070211450,0.158017,-0.363919,10.247183
1764070211458,0.325611,-0.248997,9.548077
1764070211466,0.308852,-0.545878,10.498574
1764070211474,0.395043,-0.457293,10.070012
1764070211482,0.234632,-0.423774,10.594342
1764070211490,0.141258,-0.227449,9.679757
1764070211498,0.119710,-0.442927,9.787497
1764070211506,0.035913,-0.208296,9.593566
1764070211514,0.148441,-0.129287,9.895236
1764070211522,0.210690,-0.138864,10.002975
1764070211530,0.105345,-0.124498,9.964667
1764070211538,0.126893,-0.347159,10.060435
1764070211546,-0.014365,-0.009577,9.406818
1764070211554,0.323217,-0.205901,10.498574
1764070211562,0.306458,-0.146046,9.378088
1764070211570,0.375890,-0.112527,9.773131
1764070211578,0.308852,-0.019154,10.060435
1764070211586,0.174777,-0.023942,9.409213
1764070211594,-0.064643,-0.385466,10.208876
1764070211602,0.304064,0.014365,9.188946
1764070211610,0.409408,0.122104,9.696517
1764070211618,0.263362,-0.184354,9.873688
1764070211626,0.234632,-0.433351,9.461885
1764070211634,0.301669,-0.002394,9.751583
1764070211642,0.375890,0.069432,9.981427
1764070211650,0.246603,-0.203507,9.519346
1764070211658,0.208296,-0.124498,9.306262
1764070211666,0.248997,0.378284,10.153810
1764070211674,0.490811,0.416591,9.095572
1764070211682,0.502782,-0.253785,11.561600
1764070211690,0.598550,-0.442927,9.969456
1764070211698,0.450110,-0.375890,9.236830
1764070211706,0.064643,0.069432,8.480263
1764070211714,0.004788,-0.057461,9.210494
1764070211722,-0.136469,-0.079009,11.061212
1764070211730,-0.193930,-0.028730,10.328587
1764070211738,-0.260968,-0.112527,9.727641
1764070211746,0.021548,0.064643,9.706094
1764070211754,0.301669,0.088585,10.235212
1764070211762,0.356736,-0.339977,9.718064
1764070211770,0.284910,-0.423774,10.046070
1764070211778,0.284910,-0.543484,9.981427
1764070211786,0.363919,-0.301669,9.308656
1764070211794,0.205901,-0.344765,10.156203
1764070211802,0.062249,-0.414197,9.835381
1764070211810,-0.304064,-0.205901,10.041282
1764070211818,-0.380678,-0.368707,9.868899
1764070211826,-0.493206,-0.579397,9.986216
1764070211834,-0.404620,0.179565,9.062054
1764070211842,-0.160412,0.007183,10.134656
1764070211850,0.055067,-0.435745,10.249578
1764070211858,0.495600,-0.531513,9.830592
1764070211866,0.572214,-0.351948,9.449914
1764070211874,0.447716,-0.100556,9.809045
1764070211882,0.476446,0.308852,9.203311
1764070211890,-0.045490,-0.007183,10.857705
1764070211898,0.174777,0.308852,9.382876
1764070211906,-0.129287,0.430956,9.804255
1764070211914,-0.141258,0.474052,9.775525
1764070211922,-0.134075,0.347159,9.622296
1764070211930,0.186748,0.098162,10.096349
1764070211938,0.478840,0.196325,9.028535
1764070211946,0.536301,-0.181959,10.376471
1764070211954,0.806846,-0.205901,9.842564
1764070211962,0.828394,-0.038307,9.083601
1764070211970,0.775721,-0.399832,10.206482
1764070211978,0.833182,-0.284910,9.576807
1764070211986,0.289698,-0.383072,11.532869
1764070211994,0.715866,0.411803,8.010999
1764070212002,0.593762,-0.486023,10.158598
1764070212010,0.253785,-0.397437,10.965444
1764070212018,0.368707,-0.380678,9.715671
1764070212026,0.562637,-0.009577,9.792285
1764070212034,0.804452,-0.196325,9.473856
1764070212042,0.792481,-0.397437,10.366894
1764070212050,0.703895,-0.205901,9.607931
1764070212058,0.584185,0.136469,9.878476
1764070212066,0.483629,0.105345,9.399636
1764070212074,0.193930,-0.351948,9.844957
1764070212082,0.373495,-0.059855,9.258378
1764070212090,0.328006,-0.258574,10.433931
1764070212098,0.756568,-0.174777,8.846576
1764070212106,0.881066,-0.457293,10.620679
1764070212114,1.453280,-0.268151,8.956709
1764070212122,1.364695,-0.567426,9.938332
1764070212130,1.084573,-0.481235,10.184934
1764070212138,0.849942,-0.407014,10.556035
1764070212146,0.414197,-0.428562,9.777920
1764070212154,0.306458,0.069432,8.441956
1764070212162,-0.136469,0.067038,11.511322
1764070212170,0.337582,0.021548,9.253590
1764070212178,-0.009577,-0.165200,10.043676
1764070212186,-0.421380,-0.529119,10.936713
1764070212194,0.675165,-0.481235,9.574412
1764070212202,0.672771,-0.265756,8.813056
1764070212210,0.474052,-0.337582,9.789890
1764070212218,0.057461,-0.519542,10.151415
1764070212226,0.055067,-0.220267,9.895236
1764070212234,0.476446,-0.265756,8.300697
1764070212242,-0.299275,-0.301669,10.560823
1764070212250,-0.682347,-0.526724,11.906365
1764070212258,-0.148441,-0.186748,9.753978
1764070212266,0.055067,-0.229843,9.787497
1764070212274,0.169988,-0.335188,9.962274
1764070212282,0.318429,-0.454898,10.421960
1764070212290,0.677559,-0.639252,9.816227
1764070212298,0.876278,-0.665588,9.995792
1764070212306,0.857124,-0.823605,9.562442
1764070212314,0.758962,-0.723049,10.249578
1764070212322,0.459687,-0.679953,9.636662
1764070212330,0.268151,-0.821211,12.164939
1764070212337,-0.193930,-0.359130,10.568007
1764070212345,0.019154,-0.102951,9.198523
1764070212353,-0.691924,-0.476446,10.666168
1764070212361,-0.651223,-0.339977,9.983821
1764070212369,0.004788,-0.399832,9.758766
1764070212377,0.450110,-0.553061,9.892841
1764070212385,0.624887,-0.550666,9.856929
1764070212393,0.512359,-0.653617,9.921572
1764070212401,0.469264,-0.476446,9.835381
1764070212409,0.565032,-0.380678,9.667787
1764070212417,-0.016759,-0.500388,10.117896
1764070212425,-0.414197,-0.502782,10.024523
1764070212433,-0.383072,-0.143652,10.314221
1764070212441,0.189142,0.138864,7.489063
1764070212449,-0.708684,-0.711078,11.999739
1764070212457,0.567426,-0.296881,8.621520
1764070212465,0.227449,-0.222661,10.656591
1764070212473,0.512359,-0.512359,11.188105
1764070212481,0.428562,-0.241814,9.141062
1764070212489,-0.045490,-0.313640,10.364499
1764070212497,-0.356736,-0.225055,9.627085
1764070212505,-0.196325,-0.215478,10.105926
1764070212513,0.282516,-0.294487,9.847352
1764070212521,0.737414,-0.316035,9.923966
1764070212529,1.074997,-0.308852,9.821015
1764070212537,1.005565,-0.373495,10.261548
1764070212545,1.213860,-0.521936,9.277532
1764070212553,0.835576,-0.529119,9.655815
1764070212561,0.339977,-0.344765,10.319010
1764070212569,0.251391,-0.378284,9.301474
1764070212577,0.153229,-0.471658,10.223241
1764070212585,0.287304,-0.421380,9.631873
1764070212593,0.146046,-0.304064,9.921572
1764070212601,0.433351,-0.344765,10.168175
1764070212609,0.763750,-0.316035,9.332599
1764070212617,0.076614,-0.079009,9.797073
1764070212625,-0.225055,0.210690,10.251971
1764070212633,-0.016759,-0.325611,10.034100
1764070212641,0.385466,-0.395043,8.791509
1764070212649,-0.083797,-0.124498,9.402030
1764070212657,-0.045490,-0.222661,9.885659
1764070212665,0.845153,-0.667982,9.667787
1764070212673,1.199495,-0.174777,9.047688
1764070212681,0.533907,-0.596156,11.437101
1764070212689,1.034295,-0.737414,9.155427
1764070212697,0.572214,-0.656011,9.969456
1764070212705,0.100556,-0.421380,10.139444
1764070212713,0.560243,-0.335188,9.392453
1764070212721,0.359130,-0.253785,10.362105
1764070212729,-0.023942,-0.339977,10.924743
1764070212737,1.089362,-0.634463,8.918402
1764070212745,-0.519542,-0.438139,18.863914
1764070212753,2.765303,-1.048660,3.904943
1764070212761,-1.553837,0.028730,16.752230
1764070212769,2.506729,-0.897826,6.646304
1764070212777,2.734178,-0.057461,7.481880
1764070212785,1.063026,0.452504,18.262970
1764070212793,2.106898,-1.168370,6.526594
1764070212801,0.785298,-0.505177,10.350134
1764070212809,-0.292093,0.124498,12.138602
1764070212817,0.035913,-0.134075,9.040505
1764070212825,-0.418985,0.086191,9.014170
1764070212833,-1.278504,0.339977,10.402806
1764070212841,-0.799663,0.272939,9.744401
1764070212849,-0.778116,-0.272939,9.275137
1764070212857,-0.644040,-0.038307,9.538500
1764070212865,-0.909797,0.069432,10.285490
1764070212873,-0.047884,-0.399832,9.567230
1764070212881,-0.191536,-0.545878,9.050082
1764070212889,-0.081403,-0.268151,10.058042
1764070212897,-0.052672,-0.318429,9.610326
1764070212905,-0.114922,-0.533907,10.333375
1764070212913,0.189142,-0.603339,9.461885
1764070212921,-0.146046,-0.373495,9.696517
1764070212929,0.011971,-0.450110,10.524911
1764070212937,0.332794,-0.670376,9.495404
1764070212945,0.407014,-0.694318,9.885659
1764070212953,0.572214,-0.672771,10.103531
1764070212961,0.610521,-0.737414,9.612720
1764070212969,0.167594,-0.768539,9.789890
1764070212977,-0.418985,-0.675165,10.613496
1764070212985,-0.550666,-0.768539,10.199299
1764070212993,-0.914585,-0.545878,10.220847
1764070213001,-0.857124,-0.440533,9.435549
1764070213009,-0.794875,-0.397437,9.287108
1764070213017,-0.924162,-0.234632,9.469068
1764070213025,-0.627281,-0.107739,10.153810
1764070213033,-1.872266,-0.033519,13.955802
1764070213041,1.292869,-0.969652,5.133168
1764070213049,1.419762,-0.339977,8.595184
1764070213057,1.367089,0.107739,10.371682
1764070213065,0.921768,-0.842759,9.332599
1764070213073,-0.416591,-0.737414,13.256695
1764070213081,-0.754174,-0.390255,9.981427
1764070213089,-0.816423,0.067038,8.755595
1764070213097,-0.675165,0.193930,7.513005
1764070213105,-0.553061,0.112527,9.124303
1764070213113,-0.292093,-0.086191,9.447520
1764070213121,-0.306458,-0.134075,9.847352
1764070213129,-0.301669,-0.339977,9.739613
1764070213137,0.062249,-0.366313,9.907207
1764070213145,0.057461,-0.292093,9.742006
1764070213153,0.433351,-0.318429,8.571242
1764070213161,0.294487,-0.603339,9.478644
1764070213169,-0.150835,-0.636858,9.691729
1764070213177,-0.550666,-0.440533,10.800244
1764070213185,-0.790087,-0.301669,10.558430
1764070213193,-0.921768,-0.086191,10.378864
1764070213201,-0.964863,-0.102951,11.283873
1764070213209,-0.404620,-0.191536,10.591949
1764070213217,-0.284910,0.002394,9.277532
1764070213225,0.749385,-0.416591,7.460332
1764070213233,-0.081403,0.232238,11.812991
1764070213241,-0.512359,-0.160412,11.927913
1764070213249,-0.430956,-1.039083,9.696517
1764070213257,-0.442927,-0.316035,10.721235
1764070213265,-0.488417,-0.260968,9.792285
1764070213273,-0.615310,-0.248997,9.916783
1764070213281,-0.694318,-0.560243,9.962274
1764070213289,-0.790087,-0.282516,9.804255
1764070213297,-0.691924,-0.059855,9.457097
1764070213305,-0.244209,0.196325,9.550470
1764070213313,-0.634463,0.347159,10.326192
1764070213321,-0.550666,-0.150835,9.002198
1764070213329,-0.890643,0.316035,10.817003
1764070213337,-0.205901,-0.308852,8.461109
1764070213345,-0.335188,-0.222661,9.931149
1764070213353,-0.792481,0.347159,10.800244
1764070213361,-0.804452,-0.193930,9.425972
1764070213369,-0.452504,0.076614,9.667787
1764070213377,-0.457293,0.122104,9.840169
1764070213385,-0.363919,0.189142,10.096349
1764070213393,-0.110133,-0.074220,9.344569
1764070213401,-0.169988,0.234632,10.070012
1764070213409,0.038307,0.083797,9.469068
1764070213417,0.196325,-0.158017,10.163386
1764070213425,0.234632,-0.196325,9.713276
1764070213433,0.385466,-0.160412,10.043676
1764070213441,0.313640,-0.318429,9.964667
1764070213449,0.052672,-0.229843,10.316615
1764070213457,-0.138864,-0.361524,9.157822
1764070213465,-0.452504,0.241814,11.707646
1764070213473,-0.160412,-0.162806,9.040505
1764070213481,-0.407014,0.318429,10.067618
1764070213489,-0.201113,0.213084,9.837775
1764070213497,0.344765,-0.150835,9.493010
1764070213505,0.332794,0.035913,10.062830
1764070213513,0.337582,-0.059855,9.684546
1764070213521,0.335188,-0.174777,10.046070
1764070213529,0.313640,-0.090980,9.730036
1764070213537,0.215478,-0.023942,9.634268
1764070213545,-0.486023,0.107739,9.742006
1764070213553,-0.375890,0.119710,10.204087
1764070213561,-0.622492,0.754174,9.768343
1764070213569,-0.869095,0.665588,9.880871
1764070213577,-0.390255,-0.416591,10.007763
1764070213585,-0.299275,0.280122,9.208099
1764070213593,-0.397437,0.660800,11.439496
1764070213601,0.622492,0.062249,8.710106
1764070213609,0.687136,-0.411803,9.418790
1764070213617,0.474052,0.323217,13.220781
1764070213625,0.064643,0.074220,8.655039
1764070213633,0.047884,-0.208296,6.205771
1764070213641,0.153229,0.349553,11.688493
1764070213649,-0.169988,-0.023942,9.502586
1764070213657,-0.227449,0.344765,9.823410
1764070213665,-0.536301,0.505177,9.940725
1764070213673,-0.423774,0.330400,9.835381
1764070213681,-0.524330,0.043096,9.478644
1764070213689,-0.359130,0.385466,9.464279
1764070213697,-0.095768,0.502782,9.806650
1764070213705,0.450110,-0.119710,10.043676
1764070213713,0.689530,0.122104,9.564836
1764070213721,0.541090,0.287304,9.849746
1764070213729,0.586579,0.114922,10.299856
1764070213737,0.541090,-0.112527,8.032547
1764070213745,0.225055,0.502782,10.103531
1764070213753,0.344765,0.608127,10.759542
1764070213761,0.050278,-0.521936,9.600749
1764070213769,-0.165200,0.026336,9.674969
1764070213777,-0.488417,0.445322,10.381259
1764070213785,-0.385466,-0.423774,9.119514
1764070213793,-0.454898,-0.098162,9.272743
1764070213801,-0.323217,0.418985,10.539276
1764070213809,0.033519,-0.282516,9.935937
1764070213817,0.225055,-0.167594,9.576807
1764070213825,0.418985,0.320823,10.046070
1764070213833,0.603339,-0.169988,9.916783
1764070213841,0.620098,-0.124498,10.309433
1764070213849,0.622492,-0.146046,9.878476
1764070213857,0.325611,-0.083797,9.653421
1764070213865,0.342371,0.141258,9.569624
1764070213873,0.033519,-0.502782,10.323798
1764070213881,-0.265756,0.663194,10.216059
1764070213889,-0.603339,0.052672,9.311050
1764070213897,-0.689530,0.354342,9.928755
1764070213905,-0.237026,0.356736,10.694899
1764070213913,0.320823,0.708684,10.850522
1764070213921,0.452504,0.466869,10.283096
1764070213929,0.134075,0.687136,10.163386
1764070213937,-0.004788,0.172383,9.392453
1764070213945,0.533907,1.125275,9.943120
1764070213952,-0.208296,0.227449,10.158598
1764070213960,0.052672,0.641646,8.374918
1764070213968,-0.026336,-0.079009,9.299079
1764070213976,0.167594,0.328006,10.182540
1764070213984,-0.028730,-0.071826,9.902418
1764070213992,-0.244209,0.035913,9.799467
1764070214000,-0.009577,0.483629,10.251971
1764070214008,0.354342,0.277727,9.928755
1764070214016,0.301669,0.244209,9.670180
1764070214024,-0.059855,0.282516,9.789890
1764070214032,0.071826,0.378284,9.694122
1764070214040,0.464475,0.339977,9.959879
1764070214048,0.533907,0.277727,9.935937
1764070214056,0.069432,0.004788,9.866506
1764070214064,0.086191,-0.007183,9.844957
1764070214072,0.079009,-0.009577,9.844957
1764070214080,0.086191,-0.002394,9.876082
1764070214088,0.083797,-0.016759,9.835381
1764070214096,0.079009,-0.007183,9.835381
1764070214104,0.081403,-0.023942,9.873688
1764070214112,0.086191,-0.004788,9.842564
1764070214120,0.059855,-0.031125,9.849746
1764070214128,0.079009,-0.031125,9.849746
1764070214136,0.081403,-0.009577,9.847352
1764070214144,0.047884,0.002394,9.842564
1764070214152,0.074220,-0.004788,9.852140
1764070214160,0.093374,-0.011971,9.866506
1764070214168,0.047884,0.040701,9.842564
1764070214176,0.086191,-0.038307,9.883265
1764070214184,0.026336,0.000000,9.837775
1764070214192,0.069432,-0.016759,9.844957
1764070214200,0.074220,0.000000,9.830592
1764070214208,0.069432,-0.007183,9.842564
1764070214216,0.055067,0.009577,9.847352
1764070214224,0.064643,-0.026336,9.868899
1764070214232,0.067038,-0.002394,9.873688
1764070214240,0.081403,0.000000,9.849746
1764070214248,0.076614,0.011971,9.832987
1764070214256,0.071826,0.000000,9.861717
1764070214264,0.038307,-0.009577,9.854534
1764070214272,-0.016759,-0.031125,9.878476
1764070214280,0.062249,-0.016759,9.892841
1764070214288,0.007183,-0.023942,9.835381
1764070214296,0.047884,-0.028730,9.868899
1764070214304,0.038307,-0.007183,9.852140
1764070214312,0.035913,-0.009577,9.883265
1764070214320,0.021548,-0.016759,9.852140
1764070214328,0.059855,-0.011971,9.859323
1764070214336,0.045490,-0.004788,9.849746
1764070214344,0.071826,-0.009577,9.852140
1764070214352,0.021548,-0.004788,9.837775
1764070214360,0.047884,-0.009577,9.873688
1764070214368,0.043096,0.000000,9.849746
1764070214376,0.043096,-0.004788,9.871294
1764070214384,0.045490,0.002394,9.859323
1764070214392,0.045490,0.011971,9.861717
1764070214400,0.052672,0.007183,9.868899
1764070214408,0.031125,0.004788,9.854534
1764070214416,0.079009,0.023942,9.902418
1764070214424,0.000000,0.019154,9.804255
1764070214432,0.047884,-0.009577,9.856929
1764070214440,0.052672,-0.009577,9.856929
1764070214448,0.014365,-0.026336,9.837775
1764070214456,0.088585,0.105345,9.935937
1764070214464,0.059855,0.033519,9.876082
1764070214472,0.167594,-0.158017,9.876082
1764070214480,0.081403,-0.057461,9.883265
1764070214488,0.124498,-0.071826,9.835381
1764070214496,0.045490,-0.007183,9.832987
1764070214504,0.071826,-0.007183,9.856929
1764070214512,-0.059855,0.016759,9.821015
1764070214520,0.081403,0.007183,9.885659
1764070214528,0.129287,-0.033519,9.871294
1764070214536,0.009577,0.014365,9.823410
1764070214544,0.052672,-0.016759,9.849746
1764070214552,0.093374,-0.023942,9.852140
1764070214560,0.047884,-0.019154,9.859323
1764070214568,0.057461,-0.007183,9.852140
1764070214576,0.081403,-0.016759,9.854534
1764070214584,0.062249,-0.007183,9.861717
1764070214592,0.055067,0.002394,9.852140
1764070214600,0.069432,-0.011971,9.856929
1764070214608,0.062249,-0.021548,9.854534
1764070214616,0.050278,-0.019154,9.837775
1764070214624,0.069432,-0.004788,9.856929
1764070214632,0.057461,-0.019154,9.849746
1764070214640,0.057461,-0.011971,9.856929
1764070214648,0.064643,-0.007183,9.856929
1764070214656,0.071826,-0.014365,9.844957
1764070214664,0.064643,-0.011971,9.854534
1764070214672,0.071826,-0.007183,9.859323
1764070214680,0.062249,-0.011971,9.852140
1764070214688,0.057461,-0.009577,9.856929
1764070214696,0.055067,-0.007183,9.844957
1764070214704,0.057461,-0.009577,9.849746
1764070214712,0.069432,-0.009577,9.868899
1764070214720,0.062249,0.000000,9.832987
1764070214728,0.069432,-0.014365,9.873688
1764070214736,0.064643,-0.009577,9.847352
1764070214744,0.055067,-0.004788,9.844957
1764070214752,0.062249,-0.002394,9.861717
1764070214760,0.059855,-0.014365,9.842564
1764070214769,0.062249,-0.011971,9.856929
1764070214777,0.055067,-0.019154,9.844957
1764070214785,0.067038,-0.007183,9.864111
1764070214793,0.069432,-0.011971,9.847352
1764070214801,0.059855,-0.011971,9.837775
1764070214809,0.067038,-0.021548,9.852140
1764070214817,0.064643,-0.019154,9.854534
1764070214825,0.055067,-0.007183,9.830592
1764070214833,0.067038,-0.002394,9.900024
1764070214841,0.059855,-0.002394,9.842564
1764070214849,0.057461,-0.014365,9.864111
1764070214857,0.062249,-0.002394,9.864111
1764070214865,0.062249,-0.002394,9.849746
1764070214873,0.064643,-0.007183,9.859323
1764070214881,0.057461,-0.011971,9.866506
1764070214889,0.067038,0.000000,9.873688
1764070214897,0.062249,-0.004788,9.864111
1764070214905,0.067038,-0.007183,9.852140
1764070214913,0.067038,-0.007183,9.854534
1764070214921,0.059855,-0.011971,9.868899
1764070214929,0.062249,-0.014365,9.871294
1764070214937,0.059855,0.000000,9.840169
1764070214945,0.059855,-0.009577,9.847352
1764070214953,0.062249,-0.016759,9.842564
1764070214961,0.062249,-0.004788,9.837775
1764070214969,0.062249,-0.014365,9.868899
1764070214977,0.057461,-0.002394,9.847352
1764070214985,0.064643,-0.011971,9.864111
1764070214993,0.059855,-0.021548,9.849746
1764070215001,0.057461,-0.011971,9.856929
1764070215009,0.057461,-0.009577,9.871294
1764070215017,0.069432,-0.004788,9.854534
1764070215025,0.062249,-0.009577,9.871294
1764070215033,0.057461,-0.009577,9.849746
1764070215041,0.067038,-0.007183,9.861717
1764070215049,0.071826,-0.009577,9.840169
1764070215057,0.064643,-0.011971,9.835381
1764070215065,0.064643,-0.007183,9.861717
1764070215073,0.062249,-0.007183,9.854534
1764070215081,0.064643,-0.016759,9.856929
1764070215089,0.071826,-0.009577,9.866506
1764070215097,0.069432,-0.009577,9.861717
1764070215105,0.059855,-0.004788,9.852140
1764070215112,0.067038,-0.007183,9.852140
1764070215120,0.057461,-0.011971,9.847352
1764070215128,0.064643,-0.011971,9.859323
1764070215136,0.067038,0.002394,9.849746
1764070215144,0.069432,-0.016759,9.852140
1764070215152,0.055067,-0.007183,9.861717
1764070215160,0.069432,-0.004788,9.837775
1764070215168,0.076614,-0.016759,9.852140
1764070215176,0.069432,0.002394,9.835381
1764070215184,0.059855,-0.007183,9.856929
1764070215192,0.071826,0.000000,9.868899
1764070215200,0.069432,0.000000,9.842564
1764070215209,0.064643,-0.014365,9.859323
1764070215217,0.045490,-0.009577,9.849746
1764070215225,0.057461,-0.009577,9.856929
1764070215233,0.059855,-0.004788,9.847352
1764070215241,0.064643,-0.014365,9.842564
1764070215249,0.062249,-0.009577,9.856929
1764070215257,0.062249,-0.016759,9.859323
1764070215265,0.059855,-0.019154,9.852140
1764070215273,0.064643,-0.007183,9.849746
1764070215281,0.069432,-0.009577,9.859323
1764070215289,0.071826,-0.004788,9.856929
1764070215297,0.062249,-0.023942,9.871294
1764070215305,0.069432,-0.016759,9.844957
1764070215313,0.052672,-0.014365,9.849746
1764070215321,0.062249,-0.009577,9.868899
1764070215329,0.067038,-0.007183,9.854534
1764070215337,0.064643,-0.007183,9.837775
1764070215345,0.064643,-0.009577,9.852140
1764070215353,0.062249,0.000000,9.837775
1764070215361,0.062249,-0.004788,9.852140
1764070215369,0.050278,-0.002394,9.854534
1764070215377,0.069432,-0.016759,9.861717
1764070215385,0.071826,-0.009577,9.885659
1764070215393,0.067038,-0.002394,9.837775
1764070215401,0.055067,-0.011971,9.840169
1764070215409,0.069432,-0.009577,9.847352
1764070215417,0.062249,-0.014365,9.842564
1764070215425,0.069432,-0.009577,9.842564
1764070215433,0.064643,-0.011971,9.854534
1764070215441,0.059855,0.004788,9.856929
1764070215449,0.069432,-0.007183,9.864111
1764070215457,0.059855,-0.007183,9.866506
1764070215465,0.064643,-0.007183,9.861717
1764070215473,0.055067,-0.011971,9.856929
1764070215481,0.064643,-0.011971,9.854534
1764070215489,0.055067,-0.016759,9.852140
1764070215497,0.067038,-0.007183,9.859323
1764070215505,0.067038,-0.014365,9.859323
1764070215513,0.064643,0.000000,9.849746
1764070215521,0.067038,-0.016759,9.861717
1764070215529,0.062249,-0.002394,9.842564
1764070215537,0.059855,-0.014365,9.856929
1764070215545,0.064643,-0.007183,9.844957
1764070215553,0.062249,-0.007183,9.849746
1764070215561,0.059855,0.000000,9.866506
1764070215569,0.057461,0.002394,9.842564
1764070215577,0.062249,-0.011971,9.844957
1764070215585,0.064643,-0.016759,9.866506
1764070215593,0.067038,-0.004788,9.840169
1764070215601,0.067038,-0.002394,9.861717
1764070215609,0.064643,-0.011971,9.856929
1764070215617,0.062249,-0.011971,9.832987
1764070215625,0.055067,-0.014365,9.854534
1764070215633,0.069432,-0.011971,9.847352
1764070215641,0.055067,-0.009577,9.844957
1764070215649,0.050278,-0.011971,9.852140
1764070215657,0.062249,-0.021548,9.849746
1764070215665,0.062249,-0.011971,9.859323
1764070215673,0.062249,0.002394,9.854534
1764070215681,0.062249,-0.004788,9.840169
1764070215689,0.059855,-0.011971,9.852140
1764070215697,0.064643,-0.007183,9.842564
1764070215705,0.067038,-0.016759,9.840169
1764070215713,0.057461,-0.007183,9.866506
1764070215721,0.062249,-0.009577,9.859323
1764070215729,0.067038,-0.011971,9.847352
1764070215737,0.064643,-0.009577,9.844957
1764070215745,0.059855,-0.016759,9.852140
1764070215753,0.059855,-0.011971,9.849746
1764070215761,0.067038,-0.004788,9.854534
1764070215769,0.055067,-0.004788,9.844957
1764070215777,0.059855,-0.002394,9.859323
1764070215785,0.062249,0.000000,9.842564
1764070215793,0.057461,-0.002394,9.842564
1764070215801,0.069432,-0.007183,9.861717
1764070215809,0.057461,-0.014365,9.849746
1764070215817,0.055067,-0.019154,9.861717
1764070215825,0.062249,-0.016759,9.840169
1764070215833,0.062249,0.000000,9.854534
1764070215841,0.067038,-0.019154,9.864111
1764070215849,0.059855,-0.007183,9.849746
1764070215857,0.069432,-0.004788,9.868899
1764070215865,0.067038,-0.004788,9.844957
1764070215873,0.062249,-0.009577,9.844957
1764070215881,0.059855,0.004788,9.861717
1764070215889,0.062249,-0.011971,9.840169
1764070215896,0.062249,-0.019154,9.852140
1764070215904,0.059855,-0.019154,9.861717
1764070215912,0.062249,-0.014365,9.852140
1764070215920,0.064643,-0.016759,9.854534
1764070215928,0.067038,-0.007183,9.840169
1764070215936,0.055067,-0.023942,9.866506
1764070215944,0.067038,-0.016759,9.830592
1764070215952,0.055067,-0.011971,9.842564
1764070215960,0.059855,-0.016759,9.849746
1764070215968,0.052672,0.002394,9.847352
1764070215976,0.067038,-0.011971,9.859323
1764070215984,0.055067,-0.007183,9.861717
1764070215992,0.071826,-0.011971,9.840169
1764070216000,0.064643,-0.009577,9.861717
1764070216008,0.055067,-0.009577,9.852140
1764070216016,0.081403,-0.011971,9.844957
1764070216024,0.059855,-0.019154,9.866506
1764070216032,0.062249,-0.002394,9.852140
1764070216040,0.067038,-0.011971,9.859323
1764070216048,0.062249,-0.014365,9.844957
1764070216056,0.057461,-0.004788,9.847352
1764070216064,0.057461,0.000000,9.864111
1764070216072,0.069432,-0.004788,9.854534
1764070216080,0.052672,-0.011971,9.859323
1764070216088,0.059855,0.002394,9.861717
1764070216096,0.062249,-0.019154,9.854534
1764070216104,0.064643,-0.009577,9.852140
1764070216112,0.067038,-0.002394,9.844957
1764070216120,0.062249,-0.011971,9.847352
1764070216128,0.064643,-0.004788,9.852140
1764070216136,0.055067,-0.011971,9.842564
1764070216144,0.062249,-0.004788,9.856929
1764070216152,0.062249,-0.026336,9.856929
1764070216160,0.062249,0.000000,9.856929
1764070216168,0.076614,-0.007183,9.852140
1764070216176,0.064643,0.000000,9.840169
1764070216184,0.067038,-0.009577,9.844957
1764070216192,0.071826,0.004788,9.866506
1764070216200,0.062249,0.002394,9.844957
1764070216208,0.071826,-0.016759,9.830592
1764070216216,0.074220,-0.014365,9.861717
1764070216224,0.067038,-0.002394,9.840169
1764070216232,0.052672,-0.002394,9.856929
1764070216240,0.059855,-0.004788,9.830592
1764070216248,0.057461,-0.014365,9.868899
1764070216256,0.064643,-0.016759,9.844957
1764070216264,0.062249,-0.004788,9.840169
1764070216272,0.062249,-0.009577,9.866506
1764070216280,0.059855,-0.009577,9.835381
1764070216288,0.057461,-0.004788,9.864111
1764070216296,0.062249,-0.007183,9.854534
1764070216304,0.052672,-0.023942,9.849746
1764070216312,0.064643,-0.002394,9.859323
1764070216320,0.062249,-0.004788,9.840169
1764070216328,0.074220,-0.011971,9.864111
1764070216336,0.067038,-0.011971,9.852140
1764070216344,0.067038,-0.009577,9.847352
1764070216352,0.059855,-0.009577,9.837775
1764070216360,0.059855,-0.007183,9.854534
1764070216368,0.069432,-0.014365,9.856929
1764070216376,0.064643,-0.007183,9.837775
1764070216384,0.064643,-0.014365,9.849746
1764070216392,0.064643,-0.021548,9.840169
1764070216400,0.064643,-0.016759,9.852140
1764070216408,0.059855,-0.007183,9.849746
1764070216416,0.067038,-0.009577,9.866506
1764070216424,0.064643,-0.007183,9.861717
1764070216432,0.059855,-0.007183,9.847352
1764070216440,0.057461,-0.007183,9.866506
1764070216448,0.062249,-0.011971,9.856929
1764070216456,0.064643,-0.011971,9.854534
1764070216464,0.064643,-0.002394,9.856929
1764070216472,0.067038,-0.026336,9.861717
1764070216480,0.055067,-0.009577,9.852140
1764070216488,0.069432,-0.004788,9.854534
1764070216496,0.057461,0.000000,9.847352
1764070216504,0.064643,-0.009577,9.842564
1764070216512,0.067038,-0.011971,9.861717
1764070216520,0.064643,-0.004788,9.840169
1764070216528,0.062249,-0.011971,9.856929
1764070216536,0.059855,-0.011971,9.852140
1764070216544,0.064643,-0.004788,9.859323
1764070216552,0.064643,-0.011971,9.871294
1764070216560,0.067038,-0.011971,9.852140
1764070216568,0.057461,-0.009577,9.864111
1764070216576,0.069432,-0.011971,9.837775
1764070216584,0.064643,-0.014365,9.849746
1764070216592,0.071826,-0.011971,9.852140
1764070216600,0.062249,0.000000,9.840169
1764070216608,0.069432,-0.011971,9.871294
1764070216616,0.071826,-0.002394,9.849746
1764070216624,0.055067,-0.014365,9.854534
1764070216632,0.059855,-0.007183,9.856929
1764070216640,0.052672,-0.014365,9.835381
1764070216648,0.064643,-0.002394,9.864111
1764070216656,0.062249,-0.009577,9.849746
1764070216664,0.052672,-0.004788,9.844957
1764070216672,0.059855,-0.011971,9.856929
1764070216680,0.062249,-0.009577,9.837775
1764070216688,0.055067,-0.016759,9.840169
1764070216696,0.064643,-0.004788,9.854534
1764070216704,0.050278,-0.009577,9.832987
1764070216712,0.069432,-0.011971,9.849746
1764070216720,0.059855,0.007183,9.842564
1764070216728,0.062249,-0.014365,9.844957
1764070216736,0.057461,-0.014365,9.854534
1764070216744,0.067038,-0.002394,9.854534
1764070216752,0.062249,-0.011971,9.861717
1764070216760,0.057461,-0.014365,9.861717
1764070216768,0.057461,-0.014365,9.854534
1764070216776,0.059855,-0.019154,9.861717
1764070216784,0.064643,-0.014365,9.852140
1764070216792,0.064643,-0.004788,9.844957
1764070216800,0.059855,-0.002394,9.859323
1764070216808,0.055067,-0.011971,9.861717
1764070216816,0.059855,-0.004788,9.847352
1764070216824,0.071826,-0.014365,9.852140
1764070216832,0.062249,-0.009577,9.854534
1764070216840,0.071826,0.000000,9.866506
1764070216848,0.074220,-0.016759,9.844957
1764070216856,0.067038,-0.011971,9.852140
1764070216864,0.069432,-0.009577,9.861717
1764070216872,0.067038,-0.002394,9.852140
1764070216880,0.064643,-0.002394,9.861717
1764070216888,0.062249,-0.007183,9.856929
1764070216896,0.074220,-0.014365,9.840169
1764070216904,0.059855,-0.016759,9.844957
1764070216912,0.067038,-0.014365,9.852140
1764070216920,0.059855,-0.009577,9.864111
1764070216928,0.052672,-0.009577,9.859323
1764070216936,0.067038,-0.009577,9.854534
1764070216944,0.047884,-0.014365,9.852140
1764070216952,0.062249,-0.011971,9.844957
1764070216960,0.064643,-0.014365,9.852140
1764070216968,0.057461,-0.011971,9.844957
1764070216976,0.067038,-0.007183,9.849746
1764070216984,0.064643,-0.004788,9.864111
1764070216992,0.062249,-0.014365,9.852140
1764070217000,0.064643,-0.011971,9.856929
1764070217008,0.064643,-0.004788,9.856929
1764070217016,0.071826,-0.009577,9.849746
1764070217024,0.067038,-0.002394,9.873688
1764070217032,0.057461,0.000000,9.842564
1764070217040,0.062249,-0.004788,9.847352
1764070217048,0.062249,-0.007183,9.859323
1764070217056,0.055067,-0.009577,9.830592
1764070217064,0.071826,-0.011971,9.861717
1764070217072,0.059855,-0.011971,9.852140
1764070217080,0.055067,-0.007183,9.830592
1764070217088,0.059855,-0.011971,9.868899
1764070217096,0.059855,-0.002394,9.837775
1764070217104,0.067038,-0.004788,9.842564
1764070217112,0.055067,0.000000,9.842564
1764070217120,0.059855,-0.007183,9.847352
1764070217128,0.055067,-0.011971,9.854534
1764070217136,0.062249,-0.021548,9.859323
1764070217144,0.050278,-0.014365,9.856929
1764070217152,0.069432,0.004788,9.854534
1764070217160,0.067038,-0.004788,9.866506
1764070217168,0.067038,-0.014365,9.854534
1764070217176,0.064643,-0.007183,9.849746
1764070217184,0.064643,-0.004788,9.835381
1764070217192,0.076614,-0.009577,9.849746
1764070217200,0.059855,0.002394,9.847352
1764070217208,0.069432,-0.019154,9.861717
1764070217216,0.062249,-0.009577,9.854534
1764070217224,0.062249,-0.011971,9.849746
1764070217232,0.059855,-0.002394,9.859323
1764070217240,0.067038,-0.011971,9.859323
1764070217248,0.064643,-0.016759,9.854534
1764070217256,0.067038,-0.019154,9.854534
1764070217264,0.062249,-0.007183,9.856929
1764070217272,0.067038,-0.009577,9.842564
1764070217280,0.069432,-0.019154,9.868899
1764070217288,0.052672,0.004788,9.861717
1764070217296,0.069432,0.002394,9.849746
1764070217304,0.071826,-0.009577,9.852140
1764070217312,0.055067,-0.007183,9.852140
1764070217320,0.067038,-0.016759,9.856929
1764070217328,0.069432,-0.009577,9.842564
1764070217336,0.062249,-0.021548,9.854534
1764070217344,0.052672,-0.009577,9.847352
1764070217352,0.062249,-0.016759,9.849746
1764070217360,0.057461,-0.007183,9.847352
1764070217368,0.067038,-0.007183,9.830592
1764070217376,0.057461,0.000000,9.837775
1764070217384,0.055067,-0.016759,9.847352
1764070217392,0.057461,-0.014365,9.847352
1764070217400,0.047884,-0.007183,9.842564
1764070217408,0.052672,-0.011971,9.854534
1764070217416,0.071826,-0.014365,9.842564
1764070217424,0.232238,-0.014365,9.945514
1764070217432,-0.189142,0.043096,9.634268
1764070217440,0.122104,-0.033519,9.933543
1764070217448,0.033519,-0.004788,9.840169
1764070217456,-0.002394,0.000000,9.789890
1764070217464,0.086191,-0.014365,9.888053
1764070217472,0.035913,-0.004788,9.835381
